journey_id,train_number,train_name,train_type,priority,journey_date,station_code,station_name,sequence_idx,is_origin,is_destination,sched_arr,act_arr,arr_delay_min,sched_dep,act_dep,dep_delay_min,dwell_sched_min,dwell_act_min,dwell_impact_min,section_id,section_congestion,weather,preceding_conflict_min,recovery_min,distance_from_origin_km,remaining_distance_km,data_source
J_12301_20260801,12301,Howrah - New Delhi Rajdhani Express,Rajdhani,1,2026-08-01,HWH,Howrah Junction,0,True,False,2026-08-01T16:50:00,2026-08-01T16:50:00,0.0,2026-08-01T16:50:00,2026-08-01T16:50:00,0.0,0.0,0.0,0.0,ORIGIN,0.3,Dense Fog,0.0,3.0,0.0,1451.0,Historical Operational Log (NTES Aligned)
J_12301_20260801,12301,Howrah - New Delhi Rajdhani Express,Rajdhani,1,2026-08-01,DHN,Dhanbad Junction,1,False,False,2026-08-01T19:55:00,2026-08-01T20:00:06,5.1,2026-08-01T20:00:00,2026-08-01T20:05:06,5.1,5.0,5.0,0.0,SEC_HWH_DHN,0.74,Dense Fog,0.6,2.8,259.0,1192.0,Historical Operational Log (NTES Aligned)
J_12301_20260801,12301,Howrah - New Delhi Rajdhani Express,Rajdhani,1,2026-08-01,GAYA,Gaya Junction,2,False,False,2026-08-01T22:34:00,2026-08-01T22:34:00,0.0,2026-08-01T22:37:00,2026-08-01T22:37:00,0.0,3.0,3.0,0.0,SEC_DHN_GAYA,0.37,Dense Fog,0.0,1.2,459.0,992.0,Historical Operational Log (NTES Aligned)
J_12301_20260801,12301,Howrah - New Delhi Rajdhani Express,Rajdhani,1,2026-08-01,DDU,Pt. Deen Dayal Upadhyaya Jn,3,False,False,2026-08-02T00:45:00,2026-08-02T00:45:00,0.0,2026-08-02T00:55:00,2026-08-02T00:55:00,0.0,10.0,10.0,0.0,SEC_GAYA_DDU,0.18,Dense Fog,0.0,1.7,664.0,787.0,Historical Operational Log (NTES Aligned)
J_12301_20260801,12301,Howrah - New Delhi Rajdhani Express,Rajdhani,1,2026-08-01,PRYJ,Prayagraj Junction,4,False,False,2026-08-02T02:43:00,2026-08-02T02:43:00,0.0,2026-08-02T02:45:00,2026-08-02T02:45:00,0.0,2.0,2.0,0.0,SEC_DDU_PRYJ,0.71,Dense Fog,2.3,1.1,817.0,634.0,Historical Operational Log (NTES Aligned)
J_12301_20260801,12301,Howrah - New Delhi Rajdhani Express,Rajdhani,1,2026-08-01,CNB,Kanpur Central,5,False,False,2026-08-02T04:50:00,2026-08-02T04:50:00,0.0,2026-08-02T04:55:00,2026-08-02T04:55:00,0.0,5.0,5.0,0.0,SEC_PRYJ_CNB,0.51,Dense Fog,0.0,3.2,1011.0,440.0,Historical Operational Log (NTES Aligned)
J_12301_20260801,12301,Howrah - New Delhi Rajdhani Express,Rajdhani,1,2026-08-01,NDLS,New Delhi,6,False,True,2026-08-02T10:05:00,2026-08-02T10:05:00,0.0,2026-08-02T10:05:00,2026-08-02T10:05:00,0.0,0.0,0.0,0.0,SEC_CNB_NDLS,0.1,Dense Fog,0.0,3.1,1451.0,0.0,Historical Operational Log (NTES Aligned)
J_12302_20260801,12302,New Delhi - Howrah Rajdhani Express,Rajdhani,1,2026-08-01,NDLS,New Delhi,0,True,False,2026-08-01T16:55:00,2026-08-01T16:55:00,0.0,2026-08-01T16:55:00,2026-08-01T16:55:00,0.0,0.0,0.0,0.0,ORIGIN,0.3,Clear,0.0,2.3,0.0,1451.0,Historical Operational Log (NTES Aligned)
J_12302_20260801,12302,New Delhi - Howrah Rajdhani Express,Rajdhani,1,2026-08-01,CNB,Kanpur Central,1,False,False,2026-08-01T21:32:00,2026-08-01T21:32:00,0.0,2026-08-01T21:37:00,2026-08-01T21:37:00,0.0,5.0,5.0,0.0,SEC_NDLS_CNB,0.27,Clear,0.0,3.6,440.0,1011.0,Historical Operational Log (NTES Aligned)
J_12302_20260801,12302,New Delhi - Howrah Rajdhani Express,Rajdhani,1,2026-08-01,PRYJ,Prayagraj Junction,2,False,False,2026-08-01T23:43:00,2026-08-01T23:43:00,0.0,2026-08-01T23:45:00,2026-08-01T23:45:00,0.0,2.0,2.0,0.0,SEC_CNB_PRYJ,0.54,Clear,0.0,2.9,634.0,817.0,Historical Operational Log (NTES Aligned)
J_12302_20260801,12302,New Delhi - Howrah Rajdhani Express,Rajdhani,1,2026-08-01,DDU,Pt. Deen Dayal Upadhyaya Jn,3,False,False,2026-08-02T01:42:00,2026-08-02T01:42:00,0.0,2026-08-02T01:52:00,2026-08-02T01:52:00,0.0,10.0,10.0,0.0,SEC_PRYJ_DDU,0.33,Clear,0.0,1.5,787.0,664.0,Historical Operational Log (NTES Aligned)
J_12302_20260801,12302,New Delhi - Howrah Rajdhani Express,Rajdhani,1,2026-08-01,GAYA,Gaya Junction,4,False,False,2026-08-02T03:55:00,2026-08-02T03:55:00,0.0,2026-08-02T03:58:00,2026-08-02T03:58:00,0.0,3.0,3.0,0.0,SEC_DDU_GAYA,0.23,Clear,0.0,0.2,992.0,459.0,Historical Operational Log (NTES Aligned)
J_12302_20260801,12302,New Delhi - Howrah Rajdhani Express,Rajdhani,1,2026-08-01,DHN,Dhanbad Junction,5,False,False,2026-08-02T06:33:00,2026-08-02T06:33:00,0.0,2026-08-02T06:38:00,2026-08-02T06:38:00,0.0,5.0,5.0,0.0,SEC_GAYA_DHN,0.26,Clear,0.0,1.0,1192.0,259.0,Historical Operational Log (NTES Aligned)
J_12302_20260801,12302,New Delhi - Howrah Rajdhani Express,Rajdhani,1,2026-08-01,HWH,Howrah Junction,6,False,True,2026-08-02T09:55:00,2026-08-02T09:55:00,0.0,2026-08-02T09:55:00,2026-08-02T09:55:00,0.0,0.0,0.0,0.0,SEC_DHN_HWH,0.2,Clear,0.0,3.2,1451.0,0.0,Historical Operational Log (NTES Aligned)
J_12951_20260801,12951,Mumbai Central - New Delhi Rajdhani Express,Rajdhani,1,2026-08-01,MMCT,Mumbai Central,0,True,False,2026-08-01T17:00:00,2026-08-01T17:00:00,0.0,2026-08-01T17:00:00,2026-08-01T17:00:00,0.0,0.0,0.0,0.0,ORIGIN,0.3,Clear,0.0,2.1,0.0,1386.0,Historical Operational Log (NTES Aligned)
J_12951_20260801,12951,Mumbai Central - New Delhi Rajdhani Express,Rajdhani,1,2026-08-01,BRC,Vadodara Junction,1,False,False,2026-08-01T21:03:00,2026-08-01T21:03:00,0.0,2026-08-01T21:13:00,2026-08-01T21:13:00,0.0,10.0,10.0,0.0,SEC_MMCT_BRC,0.16,Clear,0.0,4.2,393.0,993.0,Historical Operational Log (NTES Aligned)
J_12951_20260801,12951,Mumbai Central - New Delhi Rajdhani Express,Rajdhani,1,2026-08-01,RTM,Ratlam Junction,2,False,False,2026-08-02T00:25:00,2026-08-02T00:25:00,0.0,2026-08-02T00:28:00,2026-08-02T00:28:00,0.0,3.0,3.0,0.0,SEC_BRC_RTM,0.2,Clear,0.0,3.4,653.0,733.0,Historical Operational Log (NTES Aligned)
J_12951_20260801,12951,Mumbai Central - New Delhi Rajdhani Express,Rajdhani,1,2026-08-01,KOTA,Kota Junction,3,False,False,2026-08-02T03:15:00,2026-08-02T03:15:00,0.0,2026-08-02T03:25:00,2026-08-02T03:25:00,0.0,10.0,10.0,0.0,SEC_RTM_KOTA,0.2,Clear,0.0,0.9,920.0,466.0,Historical Operational Log (NTES Aligned)
J_12951_20260801,12951,Mumbai Central - New Delhi Rajdhani Express,Rajdhani,1,2026-08-01,MTJ,Mathura Junction,4,False,False,2026-08-02T06:43:00,2026-08-02T06:43:00,0.0,2026-08-02T06:45:00,2026-08-02T06:45:00,0.0,2.0,2.0,0.0,SEC_KOTA_MTJ,0.14,Clear,0.0,2.0,1244.0,142.0,Historical Operational Log (NTES Aligned)
J_12951_20260801,12951,Mumbai Central - New Delhi Rajdhani Express,Rajdhani,1,2026-08-01,NDLS,New Delhi,5,False,True,2026-08-02T08:32:00,2026-08-02T08:32:00,0.0,2026-08-02T08:32:00,2026-08-02T08:32:00,0.0,0.0,0.0,0.0,SEC_MTJ_NDLS,0.26,Clear,0.0,1.8,1386.0,0.0,Historical Operational Log (NTES Aligned)
J_22436_20260801,22436,New Delhi - Varanasi Vande Bharat Express,Vande Bharat,1,2026-08-01,NDLS,New Delhi,0,True,False,2026-08-01T06:00:00,2026-08-01T06:09:00,9.0,2026-08-01T06:00:00,2026-08-01T06:09:00,9.0,0.0,0.0,0.0,ORIGIN,0.3,Light Rain,0.0,2.4,0.0,759.0,Historical Operational Log (NTES Aligned)
J_22436_20260801,22436,New Delhi - Varanasi Vande Bharat Express,Vande Bharat,1,2026-08-01,CNB,Kanpur Central,1,False,False,2026-08-01T10:08:00,2026-08-01T10:08:00,0.0,2026-08-01T10:10:00,2026-08-01T10:10:00,0.0,2.0,2.0,0.0,SEC_NDLS_CNB,0.3,Light Rain,0.0,2.1,440.0,319.0,Historical Operational Log (NTES Aligned)
J_22436_20260801,22436,New Delhi - Varanasi Vande Bharat Express,Vande Bharat,1,2026-08-01,PRYJ,Prayagraj Junction,2,False,False,2026-08-01T12:08:00,2026-08-01T12:08:18,0.3,2026-08-01T12:10:00,2026-08-01T12:10:18,0.3,2.0,2.0,0.0,SEC_CNB_PRYJ,0.67,Light Rain,1.4,0.2,634.0,125.0,Historical Operational Log (NTES Aligned)
J_22436_20260801,22436,New Delhi - Varanasi Vande Bharat Express,Vande Bharat,1,2026-08-01,BSB,Varanasi Junction,3,False,True,2026-08-01T14:00:00,2026-08-01T14:01:54,1.9,2026-08-01T14:00:00,2026-08-01T14:01:54,1.9,0.0,0.0,0.0,SEC_PRYJ_BSB,0.43,Light Rain,0.0,0.0,759.0,0.0,Historical Operational Log (NTES Aligned)
J_12004_20260801,12004,New Delhi - Lucknow Shatabdi Express,Shatabdi,1,2026-08-01,NDLS,New Delhi,0,True,False,2026-08-01T06:10:00,2026-08-01T06:10:00,0.0,2026-08-01T06:10:00,2026-08-01T06:10:00,0.0,0.0,0.0,0.0,ORIGIN,0.3,Light Rain,0.0,2.1,0.0,512.0,Historical Operational Log (NTES Aligned)
J_12004_20260801,12004,New Delhi - Lucknow Shatabdi Express,Shatabdi,1,2026-08-01,CNB,Kanpur Central,1,False,False,2026-08-01T11:20:00,2026-08-01T11:20:00,0.0,2026-08-01T11:25:00,2026-08-01T11:25:00,0.0,5.0,5.0,0.0,SEC_NDLS_CNB,0.19,Light Rain,0.0,2.1,440.0,72.0,Historical Operational Log (NTES Aligned)
J_12004_20260801,12004,New Delhi - Lucknow Shatabdi Express,Shatabdi,1,2026-08-01,LKO,Lucknow Charbagh,2,False,True,2026-08-01T12:40:00,2026-08-01T12:40:00,0.0,2026-08-01T12:40:00,2026-08-01T12:40:00,0.0,0.0,0.0,0.0,SEC_CNB_LKO,0.12,Light Rain,0.0,1.5,512.0,0.0,Historical Operational Log (NTES Aligned)
J_12301_20260802,12301,Howrah - New Delhi Rajdhani Express,Rajdhani,1,2026-08-02,HWH,Howrah Junction,0,True,False,2026-08-02T16:50:00,2026-08-02T16:51:24,1.4,2026-08-02T16:50:00,2026-08-02T16:51:24,1.4,0.0,0.0,0.0,ORIGIN,0.3,Clear,0.0,2.8,0.0,1451.0,Historical Operational Log (NTES Aligned)
J_12301_20260802,12301,Howrah - New Delhi Rajdhani Express,Rajdhani,1,2026-08-02,DHN,Dhanbad Junction,1,False,False,2026-08-02T19:55:00,2026-08-02T19:55:00,0.0,2026-08-02T20:00:00,2026-08-02T20:00:00,0.0,5.0,5.0,0.0,SEC_HWH_DHN,0.2,Clear,0.0,3.2,259.0,1192.0,Historical Operational Log (NTES Aligned)
J_12301_20260802,12301,Howrah - New Delhi Rajdhani Express,Rajdhani,1,2026-08-02,GAYA,Gaya Junction,2,False,False,2026-08-02T22:34:00,2026-08-02T22:34:00,0.0,2026-08-02T22:37:00,2026-08-02T22:37:00,0.0,3.0,3.0,0.0,SEC_DHN_GAYA,0.18,Clear,0.0,2.5,459.0,992.0,Historical Operational Log (NTES Aligned)
J_12301_20260802,12301,Howrah - New Delhi Rajdhani Express,Rajdhani,1,2026-08-02,DDU,Pt. Deen Dayal Upadhyaya Jn,3,False,False,2026-08-03T00:45:00,2026-08-03T00:45:00,0.0,2026-08-03T00:55:00,2026-08-03T00:55:00,0.0,10.0,10.0,0.0,SEC_GAYA_DDU,0.15,Clear,0.0,0.9,664.0,787.0,Historical Operational Log (NTES Aligned)
J_12301_20260802,12301,Howrah - New Delhi Rajdhani Express,Rajdhani,1,2026-08-02,PRYJ,Prayagraj Junction,4,False,False,2026-08-03T02:43:00,2026-08-03T02:43:00,0.0,2026-08-03T02:45:00,2026-08-03T02:45:00,0.0,2.0,2.0,0.0,SEC_DDU_PRYJ,0.48,Clear,0.0,3.2,817.0,634.0,Historical Operational Log (NTES Aligned)
J_12301_20260802,12301,Howrah - New Delhi Rajdhani Express,Rajdhani,1,2026-08-02,CNB,Kanpur Central,5,False,False,2026-08-03T04:50:00,2026-08-03T04:51:36,1.6,2026-08-03T04:55:00,2026-08-03T04:56:36,1.6,5.0,5.0,0.0,SEC_PRYJ_CNB,0.54,Clear,0.0,4.8,1011.0,440.0,Historical Operational Log (NTES Aligned)
J_12301_20260802,12301,Howrah - New Delhi Rajdhani Express,Rajdhani,1,2026-08-02,NDLS,New Delhi,6,False,True,2026-08-03T10:05:00,2026-08-03T10:05:00,0.0,2026-08-03T10:05:00,2026-08-03T10:05:00,0.0,0.0,0.0,0.0,SEC_CNB_NDLS,0.3,Clear,0.0,2.5,1451.0,0.0,Historical Operational Log (NTES Aligned)
J_12302_20260802,12302,New Delhi - Howrah Rajdhani Express,Rajdhani,1,2026-08-02,NDLS,New Delhi,0,True,False,2026-08-02T16:55:00,2026-08-02T17:12:06,17.1,2026-08-02T16:55:00,2026-08-02T17:13:48,18.8,0.0,1.7,1.7,ORIGIN,0.3,Clear,0.0,2.8,0.0,1451.0,Historical Operational Log (NTES Aligned)
J_12302_20260802,12302,New Delhi - Howrah Rajdhani Express,Rajdhani,1,2026-08-02,CNB,Kanpur Central,1,False,False,2026-08-02T21:32:00,2026-08-02T21:41:42,9.7,2026-08-02T21:37:00,2026-08-02T21:46:42,9.7,5.0,5.0,0.0,SEC_NDLS_CNB,0.1,Clear,0.0,1.8,440.0,1011.0,Historical Operational Log (NTES Aligned)
J_12302_20260802,12302,New Delhi - Howrah Rajdhani Express,Rajdhani,1,2026-08-02,PRYJ,Prayagraj Junction,2,False,False,2026-08-02T23:43:00,2026-08-02T23:45:12,2.2,2026-08-02T23:45:00,2026-08-02T23:47:12,2.2,2.0,2.0,0.0,SEC_CNB_PRYJ,0.19,Clear,0.0,3.2,634.0,817.0,Historical Operational Log (NTES Aligned)
J_12302_20260802,12302,New Delhi - Howrah Rajdhani Express,Rajdhani,1,2026-08-02,DDU,Pt. Deen Dayal Upadhyaya Jn,3,False,False,2026-08-03T01:42:00,2026-08-03T01:44:18,2.3,2026-08-03T01:52:00,2026-08-03T01:54:18,2.3,10.0,10.0,0.0,SEC_PRYJ_DDU,0.46,Clear,0.0,2.1,787.0,664.0,Historical Operational Log (NTES Aligned)
J_12302_20260802,12302,New Delhi - Howrah Rajdhani Express,Rajdhani,1,2026-08-02,GAYA,Gaya Junction,4,False,False,2026-08-03T03:55:00,2026-08-03T03:55:00,0.0,2026-08-03T03:58:00,2026-08-03T03:58:00,0.0,3.0,3.0,0.0,SEC_DDU_GAYA,0.21,Clear,0.0,2.1,992.0,459.0,Historical Operational Log (NTES Aligned)
J_12302_20260802,12302,New Delhi - Howrah Rajdhani Express,Rajdhani,1,2026-08-02,DHN,Dhanbad Junction,5,False,False,2026-08-03T06:33:00,2026-08-03T06:33:00,0.0,2026-08-03T06:38:00,2026-08-03T06:38:00,0.0,5.0,5.0,0.0,SEC_GAYA_DHN,0.29,Clear,0.0,1.1,1192.0,259.0,Historical Operational Log (NTES Aligned)
J_12302_20260802,12302,New Delhi - Howrah Rajdhani Express,Rajdhani,1,2026-08-02,HWH,Howrah Junction,6,False,True,2026-08-03T09:55:00,2026-08-03T09:55:00,0.0,2026-08-03T09:55:00,2026-08-03T09:55:00,0.0,0.0,0.0,0.0,SEC_DHN_HWH,0.29,Clear,0.0,2.0,1451.0,0.0,Historical Operational Log (NTES Aligned)
J_12951_20260802,12951,Mumbai Central - New Delhi Rajdhani Express,Rajdhani,1,2026-08-02,MMCT,Mumbai Central,0,True,False,2026-08-02T17:00:00,2026-08-02T17:14:30,14.5,2026-08-02T17:00:00,2026-08-02T17:14:30,14.5,0.0,0.0,0.0,ORIGIN,0.3,Heavy Rain,0.0,3.0,0.0,1386.0,Historical Operational Log (NTES Aligned)
J_12951_20260802,12951,Mumbai Central - New Delhi Rajdhani Express,Rajdhani,1,2026-08-02,BRC,Vadodara Junction,1,False,False,2026-08-02T21:03:00,2026-08-02T21:12:54,9.9,2026-08-02T21:13:00,2026-08-02T21:22:54,9.9,10.0,10.0,0.0,SEC_MMCT_BRC,0.3,Heavy Rain,0.0,1.2,393.0,993.0,Historical Operational Log (NTES Aligned)
J_12951_20260802,12951,Mumbai Central - New Delhi Rajdhani Express,Rajdhani,1,2026-08-02,RTM,Ratlam Junction,2,False,False,2026-08-03T00:25:00,2026-08-03T00:25:00,0.0,2026-08-03T00:28:00,2026-08-03T00:28:00,0.0,3.0,3.0,0.0,SEC_BRC_RTM,0.1,Heavy Rain,0.0,1.5,653.0,733.0,Historical Operational Log (NTES Aligned)
J_12951_20260802,12951,Mumbai Central - New Delhi Rajdhani Express,Rajdhani,1,2026-08-02,KOTA,Kota Junction,3,False,False,2026-08-03T03:15:00,2026-08-03T03:23:18,8.3,2026-08-03T03:25:00,2026-08-03T03:33:18,8.3,10.0,10.0,0.0,SEC_RTM_KOTA,0.67,Heavy Rain,5.2,4.0,920.0,466.0,Historical Operational Log (NTES Aligned)
J_12951_20260802,12951,Mumbai Central - New Delhi Rajdhani Express,Rajdhani,1,2026-08-02,MTJ,Mathura Junction,4,False,False,2026-08-03T06:43:00,2026-08-03T06:56:48,13.8,2026-08-03T06:45:00,2026-08-03T06:58:48,13.8,2.0,2.0,0.0,SEC_KOTA_MTJ,0.93,Heavy Rain,0.6,0.0,1244.0,142.0,Historical Operational Log (NTES Aligned)
J_12951_20260802,12951,Mumbai Central - New Delhi Rajdhani Express,Rajdhani,1,2026-08-02,NDLS,New Delhi,5,False,True,2026-08-03T08:32:00,2026-08-03T08:39:30,7.5,2026-08-03T08:32:00,2026-08-03T08:39:30,7.5,0.0,0.0,0.0,SEC_MTJ_NDLS,0.12,Heavy Rain,0.0,0.0,1386.0,0.0,Historical Operational Log (NTES Aligned)
J_22436_20260802,22436,New Delhi - Varanasi Vande Bharat Express,Vande Bharat,1,2026-08-02,NDLS,New Delhi,0,True,False,2026-08-02T06:00:00,2026-08-02T06:00:00,0.0,2026-08-02T06:00:00,2026-08-02T06:00:00,0.0,0.0,0.0,0.0,ORIGIN,0.3,Dense Fog,0.0,3.4,0.0,759.0,Historical Operational Log (NTES Aligned)
J_22436_20260802,22436,New Delhi - Varanasi Vande Bharat Express,Vande Bharat,1,2026-08-02,CNB,Kanpur Central,1,False,False,2026-08-02T10:08:00,2026-08-02T10:08:00,0.0,2026-08-02T10:10:00,2026-08-02T10:10:00,0.0,2.0,2.0,0.0,SEC_NDLS_CNB,0.31,Dense Fog,0.0,0.1,440.0,319.0,Historical Operational Log (NTES Aligned)
J_22436_20260802,22436,New Delhi - Varanasi Vande Bharat Express,Vande Bharat,1,2026-08-02,PRYJ,Prayagraj Junction,2,False,False,2026-08-02T12:08:00,2026-08-02T12:08:00,0.0,2026-08-02T12:10:00,2026-08-02T12:10:00,0.0,2.0,2.0,0.0,SEC_CNB_PRYJ,0.19,Dense Fog,0.0,1.8,634.0,125.0,Historical Operational Log (NTES Aligned)
J_22436_20260802,22436,New Delhi - Varanasi Vande Bharat Express,Vande Bharat,1,2026-08-02,BSB,Varanasi Junction,3,False,True,2026-08-02T14:00:00,2026-08-02T14:00:00,0.0,2026-08-02T14:00:00,2026-08-02T14:00:00,0.0,0.0,0.0,0.0,SEC_PRYJ_BSB,0.12,Dense Fog,0.0,1.3,759.0,0.0,Historical Operational Log (NTES Aligned)
J_12004_20260802,12004,New Delhi - Lucknow Shatabdi Express,Shatabdi,1,2026-08-02,NDLS,New Delhi,0,True,False,2026-08-02T06:10:00,2026-08-02T06:26:36,16.6,2026-08-02T06:10:00,2026-08-02T06:27:00,17.0,0.0,0.4,0.4,ORIGIN,0.3,Clear,0.0,2.0,0.0,512.0,Historical Operational Log (NTES Aligned)
J_12004_20260802,12004,New Delhi - Lucknow Shatabdi Express,Shatabdi,1,2026-08-02,CNB,Kanpur Central,1,False,False,2026-08-02T11:20:00,2026-08-02T11:33:18,13.3,2026-08-02T11:25:00,2026-08-02T11:38:18,13.3,5.0,5.0,0.0,SEC_NDLS_CNB,0.36,Clear,0.0,3.0,440.0,72.0,Historical Operational Log (NTES Aligned)
J_12004_20260802,12004,New Delhi - Lucknow Shatabdi Express,Shatabdi,1,2026-08-02,LKO,Lucknow Charbagh,2,False,True,2026-08-02T12:40:00,2026-08-02T12:53:42,13.7,2026-08-02T12:40:00,2026-08-02T12:53:42,13.7,0.0,0.0,0.0,SEC_CNB_LKO,0.65,Clear,2.7,2.4,512.0,0.0,Historical Operational Log (NTES Aligned)
J_12301_20260803,12301,Howrah - New Delhi Rajdhani Express,Rajdhani,1,2026-08-03,HWH,Howrah Junction,0,True,False,2026-08-03T16:50:00,2026-08-03T16:50:00,0.0,2026-08-03T16:50:00,2026-08-03T16:50:00,0.0,0.0,0.0,0.0,ORIGIN,0.3,Clear,0.0,1.1,0.0,1451.0,Historical Operational Log (NTES Aligned)
J_12301_20260803,12301,Howrah - New Delhi Rajdhani Express,Rajdhani,1,2026-08-03,DHN,Dhanbad Junction,1,False,False,2026-08-03T19:55:00,2026-08-03T19:55:00,0.0,2026-08-03T20:00:00,2026-08-03T20:00:00,0.0,5.0,5.0,0.0,SEC_HWH_DHN,0.13,Clear,0.0,2.5,259.0,1192.0,Historical Operational Log (NTES Aligned)
J_12301_20260803,12301,Howrah - New Delhi Rajdhani Express,Rajdhani,1,2026-08-03,GAYA,Gaya Junction,2,False,False,2026-08-03T22:34:00,2026-08-03T22:34:00,0.0,2026-08-03T22:37:00,2026-08-03T22:37:00,0.0,3.0,3.0,0.0,SEC_DHN_GAYA,0.32,Clear,0.0,2.9,459.0,992.0,Historical Operational Log (NTES Aligned)
J_12301_20260803,12301,Howrah - New Delhi Rajdhani Express,Rajdhani,1,2026-08-03,DDU,Pt. Deen Dayal Upadhyaya Jn,3,False,False,2026-08-04T00:45:00,2026-08-04T00:45:00,0.0,2026-08-04T00:55:00,2026-08-04T00:55:00,0.0,10.0,10.0,0.0,SEC_GAYA_DDU,0.25,Clear,0.0,1.7,664.0,787.0,Historical Operational Log (NTES Aligned)
J_12301_20260803,12301,Howrah - New Delhi Rajdhani Express,Rajdhani,1,2026-08-03,PRYJ,Prayagraj Junction,4,False,False,2026-08-04T02:43:00,2026-08-04T02:43:00,0.0,2026-08-04T02:45:00,2026-08-04T02:45:00,0.0,2.0,2.0,0.0,SEC_DDU_PRYJ,0.16,Clear,0.0,2.0,817.0,634.0,Historical Operational Log (NTES Aligned)
J_12301_20260803,12301,Howrah - New Delhi Rajdhani Express,Rajdhani,1,2026-08-03,CNB,Kanpur Central,5,False,False,2026-08-04T04:50:00,2026-08-04T04:50:00,0.0,2026-08-04T04:55:00,2026-08-04T04:55:00,0.0,5.0,5.0,0.0,SEC_PRYJ_CNB,0.4,Clear,0.0,1.8,1011.0,440.0,Historical Operational Log (NTES Aligned)
J_12301_20260803,12301,Howrah - New Delhi Rajdhani Express,Rajdhani,1,2026-08-03,NDLS,New Delhi,6,False,True,2026-08-04T10:05:00,2026-08-04T10:05:00,0.0,2026-08-04T10:05:00,2026-08-04T10:05:00,0.0,0.0,0.0,0.0,SEC_CNB_NDLS,0.23,Clear,0.0,0.2,1451.0,0.0,Historical Operational Log (NTES Aligned)
J_12302_20260803,12302,New Delhi - Howrah Rajdhani Express,Rajdhani,1,2026-08-03,NDLS,New Delhi,0,True,False,2026-08-03T16:55:00,2026-08-03T17:07:42,12.7,2026-08-03T16:55:00,2026-08-03T17:07:42,12.7,0.0,0.0,0.0,ORIGIN,0.3,Light Rain,0.0,3.0,0.0,1451.0,Historical Operational Log (NTES Aligned)
J_12302_20260803,12302,New Delhi - Howrah Rajdhani Express,Rajdhani,1,2026-08-03,CNB,Kanpur Central,1,False,False,2026-08-03T21:32:00,2026-08-03T21:45:00,13.0,2026-08-03T21:37:00,2026-08-03T21:50:00,13.0,5.0,5.0,0.0,SEC_NDLS_CNB,0.43,Light Rain,0.0,1.8,440.0,1011.0,Historical Operational Log (NTES Aligned)
J_12302_20260803,12302,New Delhi - Howrah Rajdhani Express,Rajdhani,1,2026-08-03,PRYJ,Prayagraj Junction,2,False,False,2026-08-03T23:43:00,2026-08-03T23:47:36,4.6,2026-08-03T23:45:00,2026-08-03T23:49:36,4.6,2.0,2.0,0.0,SEC_CNB_PRYJ,0.2,Light Rain,0.0,2.4,634.0,817.0,Historical Operational Log (NTES Aligned)
J_12302_20260803,12302,New Delhi - Howrah Rajdhani Express,Rajdhani,1,2026-08-03,DDU,Pt. Deen Dayal Upadhyaya Jn,3,False,False,2026-08-04T01:42:00,2026-08-04T01:42:36,0.6,2026-08-04T01:52:00,2026-08-04T01:52:36,0.6,10.0,10.0,0.0,SEC_PRYJ_DDU,0.42,Light Rain,0.0,2.3,787.0,664.0,Historical Operational Log (NTES Aligned)
J_12302_20260803,12302,New Delhi - Howrah Rajdhani Express,Rajdhani,1,2026-08-03,GAYA,Gaya Junction,4,False,False,2026-08-04T03:55:00,2026-08-04T03:55:00,0.0,2026-08-04T03:58:00,2026-08-04T03:58:00,0.0,3.0,3.0,0.0,SEC_DDU_GAYA,0.19,Light Rain,0.0,1.7,992.0,459.0,Historical Operational Log (NTES Aligned)
J_12302_20260803,12302,New Delhi - Howrah Rajdhani Express,Rajdhani,1,2026-08-03,DHN,Dhanbad Junction,5,False,False,2026-08-04T06:33:00,2026-08-04T06:33:00,0.0,2026-08-04T06:38:00,2026-08-04T06:38:00,0.0,5.0,5.0,0.0,SEC_GAYA_DHN,0.23,Light Rain,0.0,0.5,1192.0,259.0,Historical Operational Log (NTES Aligned)
J_12302_20260803,12302,New Delhi - Howrah Rajdhani Express,Rajdhani,1,2026-08-03,HWH,Howrah Junction,6,False,True,2026-08-04T09:55:00,2026-08-04T09:55:00,0.0,2026-08-04T09:55:00,2026-08-04T09:55:00,0.0,0.0,0.0,0.0,SEC_DHN_HWH,0.35,Light Rain,0.0,0.8,1451.0,0.0,Historical Operational Log (NTES Aligned)
J_12951_20260803,12951,Mumbai Central - New Delhi Rajdhani Express,Rajdhani,1,2026-08-03,MMCT,Mumbai Central,0,True,False,2026-08-03T17:00:00,2026-08-03T17:09:54,9.9,2026-08-03T17:00:00,2026-08-03T17:09:54,9.9,0.0,0.0,0.0,ORIGIN,0.3,Clear,0.0,2.1,0.0,1386.0,Historical Operational Log (NTES Aligned)
J_12951_20260803,12951,Mumbai Central - New Delhi Rajdhani Express,Rajdhani,1,2026-08-03,BRC,Vadodara Junction,1,False,False,2026-08-03T21:03:00,2026-08-03T21:10:48,7.8,2026-08-03T21:13:00,2026-08-03T21:20:48,7.8,10.0,10.0,0.0,SEC_MMCT_BRC,0.41,Clear,0.0,2.0,393.0,993.0,Historical Operational Log (NTES Aligned)
J_12951_20260803,12951,Mumbai Central - New Delhi Rajdhani Express,Rajdhani,1,2026-08-03,RTM,Ratlam Junction,2,False,False,2026-08-04T00:25:00,2026-08-04T00:33:36,8.6,2026-08-04T00:28:00,2026-08-04T00:36:36,8.6,3.0,3.0,0.0,SEC_BRC_RTM,0.36,Clear,0.0,3.4,653.0,733.0,Historical Operational Log (NTES Aligned)
J_12951_20260803,12951,Mumbai Central - New Delhi Rajdhani Express,Rajdhani,1,2026-08-03,KOTA,Kota Junction,3,False,False,2026-08-04T03:15:00,2026-08-04T03:31:06,16.1,2026-08-04T03:25:00,2026-08-04T03:41:42,16.7,10.0,10.6,0.6,SEC_RTM_KOTA,0.66,Clear,0.0,1.8,920.0,466.0,Historical Operational Log (NTES Aligned)
J_12951_20260803,12951,Mumbai Central - New Delhi Rajdhani Express,Rajdhani,1,2026-08-03,MTJ,Mathura Junction,4,False,False,2026-08-04T06:43:00,2026-08-04T06:52:24,9.4,2026-08-04T06:45:00,2026-08-04T06:54:24,9.4,2.0,2.0,0.0,SEC_KOTA_MTJ,0.12,Clear,0.0,0.0,1244.0,142.0,Historical Operational Log (NTES Aligned)
J_12951_20260803,12951,Mumbai Central - New Delhi Rajdhani Express,Rajdhani,1,2026-08-03,NDLS,New Delhi,5,False,True,2026-08-04T08:32:00,2026-08-04T08:40:12,8.2,2026-08-04T08:32:00,2026-08-04T08:40:12,8.2,0.0,0.0,0.0,SEC_MTJ_NDLS,0.42,Clear,0.0,3.1,1386.0,0.0,Historical Operational Log (NTES Aligned)
J_22436_20260803,22436,New Delhi - Varanasi Vande Bharat Express,Vande Bharat,1,2026-08-03,NDLS,New Delhi,0,True,False,2026-08-03T06:00:00,2026-08-03T06:19:48,19.8,2026-08-03T06:00:00,2026-08-03T06:23:48,23.8,0.0,4.0,4.0,ORIGIN,0.3,Heavy Rain,0.0,3.8,0.0,759.0,Historical Operational Log (NTES Aligned)
J_22436_20260803,22436,New Delhi - Varanasi Vande Bharat Express,Vande Bharat,1,2026-08-03,CNB,Kanpur Central,1,False,False,2026-08-03T10:08:00,2026-08-03T10:19:06,11.1,2026-08-03T10:10:00,2026-08-03T10:21:06,11.1,2.0,2.0,0.0,SEC_NDLS_CNB,0.24,Heavy Rain,0.0,1.8,440.0,319.0,Historical Operational Log (NTES Aligned)
J_22436_20260803,22436,New Delhi - Varanasi Vande Bharat Express,Vande Bharat,1,2026-08-03,PRYJ,Prayagraj Junction,2,False,False,2026-08-03T12:08:00,2026-08-03T12:19:42,11.7,2026-08-03T12:10:00,2026-08-03T12:21:42,11.7,2.0,2.0,0.0,SEC_CNB_PRYJ,0.65,Heavy Rain,1.5,2.1,634.0,125.0,Historical Operational Log (NTES Aligned)
J_22436_20260803,22436,New Delhi - Varanasi Vande Bharat Express,Vande Bharat,1,2026-08-03,BSB,Varanasi Junction,3,False,True,2026-08-03T14:00:00,2026-08-03T14:06:24,6.4,2026-08-03T14:00:00,2026-08-03T14:06:24,6.4,0.0,0.0,0.0,SEC_PRYJ_BSB,0.22,Heavy Rain,0.0,2.8,759.0,0.0,Historical Operational Log (NTES Aligned)
J_12004_20260803,12004,New Delhi - Lucknow Shatabdi Express,Shatabdi,1,2026-08-03,NDLS,New Delhi,0,True,False,2026-08-03T06:10:00,2026-08-03T06:10:00,0.0,2026-08-03T06:10:00,2026-08-03T06:10:00,0.0,0.0,0.0,0.0,ORIGIN,0.3,Clear,0.0,0.0,0.0,512.0,Historical Operational Log (NTES Aligned)
J_12004_20260803,12004,New Delhi - Lucknow Shatabdi Express,Shatabdi,1,2026-08-03,CNB,Kanpur Central,1,False,False,2026-08-03T11:20:00,2026-08-03T11:23:36,3.6,2026-08-03T11:25:00,2026-08-03T11:28:36,3.6,5.0,5.0,0.0,SEC_NDLS_CNB,0.43,Clear,0.0,3.8,440.0,72.0,Historical Operational Log (NTES Aligned)
J_12004_20260803,12004,New Delhi - Lucknow Shatabdi Express,Shatabdi,1,2026-08-03,LKO,Lucknow Charbagh,2,False,True,2026-08-03T12:40:00,2026-08-03T12:40:00,0.0,2026-08-03T12:40:00,2026-08-03T12:40:00,0.0,0.0,0.0,0.0,SEC_CNB_LKO,0.19,Clear,0.0,3.0,512.0,0.0,Historical Operational Log (NTES Aligned)
J_12301_20260804,12301,Howrah - New Delhi Rajdhani Express,Rajdhani,1,2026-08-04,HWH,Howrah Junction,0,True,False,2026-08-04T16:50:00,2026-08-04T17:08:42,18.7,2026-08-04T16:50:00,2026-08-04T17:09:00,19.0,0.0,0.3,0.3,ORIGIN,0.3,Clear,0.0,0.0,0.0,1451.0,Historical Operational Log (NTES Aligned)
J_12301_20260804,12301,Howrah - New Delhi Rajdhani Express,Rajdhani,1,2026-08-04,DHN,Dhanbad Junction,1,False,False,2026-08-04T19:55:00,2026-08-04T20:14:30,19.5,2026-08-04T20:00:00,2026-08-04T20:22:36,22.6,5.0,8.1,3.1,SEC_HWH_DHN,0.51,Clear,0.0,4.4,259.0,1192.0,Historical Operational Log (NTES Aligned)
J_12301_20260804,12301,Howrah - New Delhi Rajdhani Express,Rajdhani,1,2026-08-04,GAYA,Gaya Junction,2,False,False,2026-08-04T22:34:00,2026-08-04T22:48:24,14.4,2026-08-04T22:37:00,2026-08-04T22:51:24,14.4,3.0,3.0,0.0,SEC_DHN_GAYA,0.1,Clear,0.0,2.6,459.0,992.0,Historical Operational Log (NTES Aligned)
J_12301_20260804,12301,Howrah - New Delhi Rajdhani Express,Rajdhani,1,2026-08-04,DDU,Pt. Deen Dayal Upadhyaya Jn,3,False,False,2026-08-05T00:45:00,2026-08-05T00:48:42,3.7,2026-08-05T00:55:00,2026-08-05T00:58:42,3.7,10.0,10.0,0.0,SEC_GAYA_DDU,0.18,Clear,0.0,2.5,664.0,787.0,Historical Operational Log (NTES Aligned)
J_12301_20260804,12301,Howrah - New Delhi Rajdhani Express,Rajdhani,1,2026-08-04,PRYJ,Prayagraj Junction,4,False,False,2026-08-05T02:43:00,2026-08-05T02:43:00,0.0,2026-08-05T02:45:00,2026-08-05T02:45:00,0.0,2.0,2.0,0.0,SEC_DDU_PRYJ,0.1,Clear,0.0,0.5,817.0,634.0,Historical Operational Log (NTES Aligned)
J_12301_20260804,12301,Howrah - New Delhi Rajdhani Express,Rajdhani,1,2026-08-04,CNB,Kanpur Central,5,False,False,2026-08-05T04:50:00,2026-08-05T04:50:00,0.0,2026-08-05T04:55:00,2026-08-05T04:55:00,0.0,5.0,5.0,0.0,SEC_PRYJ_CNB,0.44,Clear,0.0,1.8,1011.0,440.0,Historical Operational Log (NTES Aligned)
J_12301_20260804,12301,Howrah - New Delhi Rajdhani Express,Rajdhani,1,2026-08-04,NDLS,New Delhi,6,False,True,2026-08-05T10:05:00,2026-08-05T10:05:00,0.0,2026-08-05T10:05:00,2026-08-05T10:05:00,0.0,0.0,0.0,0.0,SEC_CNB_NDLS,0.12,Clear,0.0,1.0,1451.0,0.0,Historical Operational Log (NTES Aligned)
J_12302_20260804,12302,New Delhi - Howrah Rajdhani Express,Rajdhani,1,2026-08-04,NDLS,New Delhi,0,True,False,2026-08-04T16:55:00,2026-08-04T17:02:06,7.1,2026-08-04T16:55:00,2026-08-04T17:02:06,7.1,0.0,0.0,0.0,ORIGIN,0.3,Heavy Rain,0.0,1.8,0.0,1451.0,Historical Operational Log (NTES Aligned)
J_12302_20260804,12302,New Delhi - Howrah Rajdhani Express,Rajdhani,1,2026-08-04,CNB,Kanpur Central,1,False,False,2026-08-04T21:32:00,2026-08-04T21:38:12,6.2,2026-08-04T21:37:00,2026-08-04T21:43:12,6.2,5.0,5.0,0.0,SEC_NDLS_CNB,0.42,Heavy Rain,0.0,1.6,440.0,1011.0,Historical Operational Log (NTES Aligned)
J_12302_20260804,12302,New Delhi - Howrah Rajdhani Express,Rajdhani,1,2026-08-04,PRYJ,Prayagraj Junction,2,False,False,2026-08-04T23:43:00,2026-08-04T23:43:00,0.0,2026-08-04T23:45:00,2026-08-04T23:45:00,0.0,2.0,2.0,0.0,SEC_CNB_PRYJ,0.1,Heavy Rain,0.0,2.9,634.0,817.0,Historical Operational Log (NTES Aligned)
J_12302_20260804,12302,New Delhi - Howrah Rajdhani Express,Rajdhani,1,2026-08-04,DDU,Pt. Deen Dayal Upadhyaya Jn,3,False,False,2026-08-05T01:42:00,2026-08-05T01:42:06,0.1,2026-08-05T01:52:00,2026-08-05T01:52:06,0.1,10.0,10.0,0.0,SEC_PRYJ_DDU,0.59,Heavy Rain,0.0,0.0,787.0,664.0,Historical Operational Log (NTES Aligned)
J_12302_20260804,12302,New Delhi - Howrah Rajdhani Express,Rajdhani,1,2026-08-04,GAYA,Gaya Junction,4,False,False,2026-08-05T03:55:00,2026-08-05T03:55:00,0.0,2026-08-05T03:58:00,2026-08-05T03:58:00,0.0,3.0,3.0,0.0,SEC_DDU_GAYA,0.44,Heavy Rain,0.0,1.0,992.0,459.0,Historical Operational Log (NTES Aligned)
J_12302_20260804,12302,New Delhi - Howrah Rajdhani Express,Rajdhani,1,2026-08-04,DHN,Dhanbad Junction,5,False,False,2026-08-05T06:33:00,2026-08-05T06:33:00,0.0,2026-08-05T06:38:00,2026-08-05T06:38:00,0.0,5.0,5.0,0.0,SEC_GAYA_DHN,0.15,Heavy Rain,0.0,2.0,1192.0,259.0,Historical Operational Log (NTES Aligned)
J_12302_20260804,12302,New Delhi - Howrah Rajdhani Express,Rajdhani,1,2026-08-04,HWH,Howrah Junction,6,False,True,2026-08-05T09:55:00,2026-08-05T09:55:00,0.0,2026-08-05T09:55:00,2026-08-05T09:55:00,0.0,0.0,0.0,0.0,SEC_DHN_HWH,0.38,Heavy Rain,0.0,0.4,1451.0,0.0,Historical Operational Log (NTES Aligned)
J_12951_20260804,12951,Mumbai Central - New Delhi Rajdhani Express,Rajdhani,1,2026-08-04,MMCT,Mumbai Central,0,True,False,2026-08-04T17:00:00,2026-08-04T17:00:00,0.0,2026-08-04T17:00:00,2026-08-04T17:00:00,0.0,0.0,0.0,0.0,ORIGIN,0.3,Clear,0.0,1.7,0.0,1386.0,Historical Operational Log (NTES Aligned)
J_12951_20260804,12951,Mumbai Central - New Delhi Rajdhani Express,Rajdhani,1,2026-08-04,BRC,Vadodara Junction,1,False,False,2026-08-04T21:03:00,2026-08-04T21:04:30,1.5,2026-08-04T21:13:00,2026-08-04T21:14:30,1.5,10.0,10.0,0.0,SEC_MMCT_BRC,0.58,Clear,0.0,1.3,393.0,993.0,Historical Operational Log (NTES Aligned)
J_12951_20260804,12951,Mumbai Central - New Delhi Rajdhani Express,Rajdhani,1,2026-08-04,RTM,Ratlam Junction,2,False,False,2026-08-05T00:25:00,2026-08-05T00:25:00,0.0,2026-08-05T00:28:00,2026-08-05T00:28:00,0.0,3.0,3.0,0.0,SEC_BRC_RTM,0.22,Clear,0.0,0.0,653.0,733.0,Historical Operational Log (NTES Aligned)
J_12951_20260804,12951,Mumbai Central - New Delhi Rajdhani Express,Rajdhani,1,2026-08-04,KOTA,Kota Junction,3,False,False,2026-08-05T03:15:00,2026-08-05T03:15:00,0.0,2026-08-05T03:25:00,2026-08-05T03:25:00,0.0,10.0,10.0,0.0,SEC_RTM_KOTA,0.39,Clear,0.0,2.4,920.0,466.0,Historical Operational Log (NTES Aligned)
J_12951_20260804,12951,Mumbai Central - New Delhi Rajdhani Express,Rajdhani,1,2026-08-04,MTJ,Mathura Junction,4,False,False,2026-08-05T06:43:00,2026-08-05T06:43:00,0.0,2026-08-05T06:45:00,2026-08-05T06:45:00,0.0,2.0,2.0,0.0,SEC_KOTA_MTJ,0.26,Clear,0.0,5.1,1244.0,142.0,Historical Operational Log (NTES Aligned)
J_12951_20260804,12951,Mumbai Central - New Delhi Rajdhani Express,Rajdhani,1,2026-08-04,NDLS,New Delhi,5,False,True,2026-08-05T08:32:00,2026-08-05T08:33:30,1.5,2026-08-05T08:32:00,2026-08-05T08:33:30,1.5,0.0,0.0,0.0,SEC_MTJ_NDLS,0.58,Clear,0.0,2.4,1386.0,0.0,Historical Operational Log (NTES Aligned)
J_22436_20260804,22436,New Delhi - Varanasi Vande Bharat Express,Vande Bharat,1,2026-08-04,NDLS,New Delhi,0,True,False,2026-08-04T06:00:00,2026-08-04T06:00:00,0.0,2026-08-04T06:00:00,2026-08-04T06:00:00,0.0,0.0,0.0,0.0,ORIGIN,0.3,Clear,0.0,0.0,0.0,759.0,Historical Operational Log (NTES Aligned)
J_22436_20260804,22436,New Delhi - Varanasi Vande Bharat Express,Vande Bharat,1,2026-08-04,CNB,Kanpur Central,1,False,False,2026-08-04T10:08:00,2026-08-04T10:08:54,0.9,2026-08-04T10:10:00,2026-08-04T10:10:54,0.9,2.0,2.0,0.0,SEC_NDLS_CNB,0.1,Clear,0.0,0.0,440.0,319.0,Historical Operational Log (NTES Aligned)
J_22436_20260804,22436,New Delhi - Varanasi Vande Bharat Express,Vande Bharat,1,2026-08-04,PRYJ,Prayagraj Junction,2,False,False,2026-08-04T12:08:00,2026-08-04T12:08:00,0.0,2026-08-04T12:10:00,2026-08-04T12:10:00,0.0,2.0,2.0,0.0,SEC_CNB_PRYJ,0.28,Clear,0.0,3.1,634.0,125.0,Historical Operational Log (NTES Aligned)
J_22436_20260804,22436,New Delhi - Varanasi Vande Bharat Express,Vande Bharat,1,2026-08-04,BSB,Varanasi Junction,3,False,True,2026-08-04T14:00:00,2026-08-04T14:00:00,0.0,2026-08-04T14:00:00,2026-08-04T14:00:00,0.0,0.0,0.0,0.0,SEC_PRYJ_BSB,0.35,Clear,0.0,0.5,759.0,0.0,Historical Operational Log (NTES Aligned)
J_12004_20260804,12004,New Delhi - Lucknow Shatabdi Express,Shatabdi,1,2026-08-04,NDLS,New Delhi,0,True,False,2026-08-04T06:10:00,2026-08-04T06:18:42,8.7,2026-08-04T06:10:00,2026-08-04T06:18:42,8.7,0.0,0.0,0.0,ORIGIN,0.3,Heavy Rain,0.0,1.1,0.0,512.0,Historical Operational Log (NTES Aligned)
J_12004_20260804,12004,New Delhi - Lucknow Shatabdi Express,Shatabdi,1,2026-08-04,CNB,Kanpur Central,1,False,False,2026-08-04T11:20:00,2026-08-04T11:22:18,2.3,2026-08-04T11:25:00,2026-08-04T11:27:18,2.3,5.0,5.0,0.0,SEC_NDLS_CNB,0.29,Heavy Rain,0.0,2.9,440.0,72.0,Historical Operational Log (NTES Aligned)
J_12004_20260804,12004,New Delhi - Lucknow Shatabdi Express,Shatabdi,1,2026-08-04,LKO,Lucknow Charbagh,2,False,True,2026-08-04T12:40:00,2026-08-04T12:40:00,0.0,2026-08-04T12:40:00,2026-08-04T12:40:00,0.0,0.0,0.0,0.0,SEC_CNB_LKO,0.34,Heavy Rain,0.0,2.5,512.0,0.0,Historical Operational Log (NTES Aligned)
J_12301_20260805,12301,Howrah - New Delhi Rajdhani Express,Rajdhani,1,2026-08-05,HWH,Howrah Junction,0,True,False,2026-08-05T16:50:00,2026-08-05T17:07:00,17.0,2026-08-05T16:50:00,2026-08-05T17:07:54,17.9,0.0,0.9,0.9,ORIGIN,0.3,Clear,0.0,1.4,0.0,1451.0,Historical Operational Log (NTES Aligned)
J_12301_20260805,12301,Howrah - New Delhi Rajdhani Express,Rajdhani,1,2026-08-05,DHN,Dhanbad Junction,1,False,False,2026-08-05T19:55:00,2026-08-05T20:05:30,10.5,2026-08-05T20:00:00,2026-08-05T20:10:30,10.5,5.0,5.0,0.0,SEC_HWH_DHN,0.1,Clear,0.0,1.7,259.0,1192.0,Historical Operational Log (NTES Aligned)
J_12301_20260805,12301,Howrah - New Delhi Rajdhani Express,Rajdhani,1,2026-08-05,GAYA,Gaya Junction,2,False,False,2026-08-05T22:34:00,2026-08-05T22:41:24,7.4,2026-08-05T22:37:00,2026-08-05T22:44:24,7.4,3.0,3.0,0.0,SEC_DHN_GAYA,0.69,Clear,3.8,2.5,459.0,992.0,Historical Operational Log (NTES Aligned)
J_12301_20260805,12301,Howrah - New Delhi Rajdhani Express,Rajdhani,1,2026-08-05,DDU,Pt. Deen Dayal Upadhyaya Jn,3,False,False,2026-08-06T00:45:00,2026-08-06T00:45:48,0.8,2026-08-06T00:55:00,2026-08-06T00:55:48,0.8,10.0,10.0,0.0,SEC_GAYA_DDU,0.14,Clear,0.0,1.3,664.0,787.0,Historical Operational Log (NTES Aligned)
J_12301_20260805,12301,Howrah - New Delhi Rajdhani Express,Rajdhani,1,2026-08-05,PRYJ,Prayagraj Junction,4,False,False,2026-08-06T02:43:00,2026-08-06T02:43:00,0.0,2026-08-06T02:45:00,2026-08-06T02:45:00,0.0,2.0,2.0,0.0,SEC_DDU_PRYJ,0.1,Clear,0.0,3.6,817.0,634.0,Historical Operational Log (NTES Aligned)
J_12301_20260805,12301,Howrah - New Delhi Rajdhani Express,Rajdhani,1,2026-08-05,CNB,Kanpur Central,5,False,False,2026-08-06T04:50:00,2026-08-06T04:50:00,0.0,2026-08-06T04:55:00,2026-08-06T04:55:00,0.0,5.0,5.0,0.0,SEC_PRYJ_CNB,0.12,Clear,0.0,3.1,1011.0,440.0,Historical Operational Log (NTES Aligned)
J_12301_20260805,12301,Howrah - New Delhi Rajdhani Express,Rajdhani,1,2026-08-05,NDLS,New Delhi,6,False,True,2026-08-06T10:05:00,2026-08-06T10:05:00,0.0,2026-08-06T10:05:00,2026-08-06T10:05:00,0.0,0.0,0.0,0.0,SEC_CNB_NDLS,0.1,Clear,0.0,0.8,1451.0,0.0,Historical Operational Log (NTES Aligned)
J_12302_20260805,12302,New Delhi - Howrah Rajdhani Express,Rajdhani,1,2026-08-05,NDLS,New Delhi,0,True,False,2026-08-05T16:55:00,2026-08-05T16:55:00,0.0,2026-08-05T16:55:00,2026-08-05T16:55:00,0.0,0.0,0.0,0.0,ORIGIN,0.3,Heavy Rain,0.0,0.1,0.0,1451.0,Historical Operational Log (NTES Aligned)
J_12302_20260805,12302,New Delhi - Howrah Rajdhani Express,Rajdhani,1,2026-08-05,CNB,Kanpur Central,1,False,False,2026-08-05T21:32:00,2026-08-05T21:32:00,0.0,2026-08-05T21:37:00,2026-08-05T21:37:00,0.0,5.0,5.0,0.0,SEC_NDLS_CNB,0.1,Heavy Rain,0.0,0.3,440.0,1011.0,Historical Operational Log (NTES Aligned)
J_12302_20260805,12302,New Delhi - Howrah Rajdhani Express,Rajdhani,1,2026-08-05,PRYJ,Prayagraj Junction,2,False,False,2026-08-05T23:43:00,2026-08-05T23:46:48,3.8,2026-08-05T23:45:00,2026-08-05T23:48:48,3.8,2.0,2.0,0.0,SEC_CNB_PRYJ,0.83,Heavy Rain,3.0,2.7,634.0,817.0,Historical Operational Log (NTES Aligned)
J_12302_20260805,12302,New Delhi - Howrah Rajdhani Express,Rajdhani,1,2026-08-05,DDU,Pt. Deen Dayal Upadhyaya Jn,3,False,False,2026-08-06T01:42:00,2026-08-06T01:42:00,0.0,2026-08-06T01:52:00,2026-08-06T01:52:00,0.0,10.0,10.0,0.0,SEC_PRYJ_DDU,0.38,Heavy Rain,0.0,4.4,787.0,664.0,Historical Operational Log (NTES Aligned)
J_12302_20260805,12302,New Delhi - Howrah Rajdhani Express,Rajdhani,1,2026-08-05,GAYA,Gaya Junction,4,False,False,2026-08-06T03:55:00,2026-08-06T03:55:00,0.0,2026-08-06T03:58:00,2026-08-06T03:58:00,0.0,3.0,3.0,0.0,SEC_DDU_GAYA,0.27,Heavy Rain,0.0,2.1,992.0,459.0,Historical Operational Log (NTES Aligned)
J_12302_20260805,12302,New Delhi - Howrah Rajdhani Express,Rajdhani,1,2026-08-05,DHN,Dhanbad Junction,5,False,False,2026-08-06T06:33:00,2026-08-06T06:34:06,1.1,2026-08-06T06:38:00,2026-08-06T06:39:06,1.1,5.0,5.0,0.0,SEC_GAYA_DHN,0.7,Heavy Rain,0.0,0.0,1192.0,259.0,Historical Operational Log (NTES Aligned)
J_12302_20260805,12302,New Delhi - Howrah Rajdhani Express,Rajdhani,1,2026-08-05,HWH,Howrah Junction,6,False,True,2026-08-06T09:55:00,2026-08-06T09:55:00,0.0,2026-08-06T09:55:00,2026-08-06T09:55:00,0.0,0.0,0.0,0.0,SEC_DHN_HWH,0.53,Heavy Rain,0.0,4.5,1451.0,0.0,Historical Operational Log (NTES Aligned)
J_12951_20260805,12951,Mumbai Central - New Delhi Rajdhani Express,Rajdhani,1,2026-08-05,MMCT,Mumbai Central,0,True,False,2026-08-05T17:00:00,2026-08-05T17:00:00,0.0,2026-08-05T17:00:00,2026-08-05T17:00:00,0.0,0.0,0.0,0.0,ORIGIN,0.3,Clear,0.0,1.6,0.0,1386.0,Historical Operational Log (NTES Aligned)
J_12951_20260805,12951,Mumbai Central - New Delhi Rajdhani Express,Rajdhani,1,2026-08-05,BRC,Vadodara Junction,1,False,False,2026-08-05T21:03:00,2026-08-05T21:03:00,0.0,2026-08-05T21:13:00,2026-08-05T21:13:00,0.0,10.0,10.0,0.0,SEC_MMCT_BRC,0.17,Clear,0.0,4.8,393.0,993.0,Historical Operational Log (NTES Aligned)
J_12951_20260805,12951,Mumbai Central - New Delhi Rajdhani Express,Rajdhani,1,2026-08-05,RTM,Ratlam Junction,2,False,False,2026-08-06T00:25:00,2026-08-06T00:26:00,1.0,2026-08-06T00:28:00,2026-08-06T00:29:00,1.0,3.0,3.0,0.0,SEC_BRC_RTM,0.56,Clear,0.0,1.6,653.0,733.0,Historical Operational Log (NTES Aligned)
J_12951_20260805,12951,Mumbai Central - New Delhi Rajdhani Express,Rajdhani,1,2026-08-05,KOTA,Kota Junction,3,False,False,2026-08-06T03:15:00,2026-08-06T03:15:00,0.0,2026-08-06T03:25:00,2026-08-06T03:25:00,0.0,10.0,10.0,0.0,SEC_RTM_KOTA,0.12,Clear,0.0,2.0,920.0,466.0,Historical Operational Log (NTES Aligned)
J_12951_20260805,12951,Mumbai Central - New Delhi Rajdhani Express,Rajdhani,1,2026-08-05,MTJ,Mathura Junction,4,False,False,2026-08-06T06:43:00,2026-08-06T06:43:00,0.0,2026-08-06T06:45:00,2026-08-06T06:45:00,0.0,2.0,2.0,0.0,SEC_KOTA_MTJ,0.27,Clear,0.0,2.0,1244.0,142.0,Historical Operational Log (NTES Aligned)
J_12951_20260805,12951,Mumbai Central - New Delhi Rajdhani Express,Rajdhani,1,2026-08-05,NDLS,New Delhi,5,False,True,2026-08-06T08:32:00,2026-08-06T08:32:00,0.0,2026-08-06T08:32:00,2026-08-06T08:32:00,0.0,0.0,0.0,0.0,SEC_MTJ_NDLS,0.11,Clear,0.0,3.9,1386.0,0.0,Historical Operational Log (NTES Aligned)
J_22436_20260805,22436,New Delhi - Varanasi Vande Bharat Express,Vande Bharat,1,2026-08-05,NDLS,New Delhi,0,True,False,2026-08-05T06:00:00,2026-08-05T06:00:00,0.0,2026-08-05T06:00:00,2026-08-05T06:00:00,0.0,0.0,0.0,0.0,ORIGIN,0.3,Clear,0.0,0.0,0.0,759.0,Historical Operational Log (NTES Aligned)
J_22436_20260805,22436,New Delhi - Varanasi Vande Bharat Express,Vande Bharat,1,2026-08-05,CNB,Kanpur Central,1,False,False,2026-08-05T10:08:00,2026-08-05T10:08:00,0.0,2026-08-05T10:10:00,2026-08-05T10:10:00,0.0,2.0,2.0,0.0,SEC_NDLS_CNB,0.12,Clear,0.0,3.9,440.0,319.0,Historical Operational Log (NTES Aligned)
J_22436_20260805,22436,New Delhi - Varanasi Vande Bharat Express,Vande Bharat,1,2026-08-05,PRYJ,Prayagraj Junction,2,False,False,2026-08-05T12:08:00,2026-08-05T12:08:00,0.0,2026-08-05T12:10:00,2026-08-05T12:10:00,0.0,2.0,2.0,0.0,SEC_CNB_PRYJ,0.51,Clear,0.0,2.7,634.0,125.0,Historical Operational Log (NTES Aligned)
J_22436_20260805,22436,New Delhi - Varanasi Vande Bharat Express,Vande Bharat,1,2026-08-05,BSB,Varanasi Junction,3,False,True,2026-08-05T14:00:00,2026-08-05T14:00:00,0.0,2026-08-05T14:00:00,2026-08-05T14:00:00,0.0,0.0,0.0,0.0,SEC_PRYJ_BSB,0.1,Clear,0.0,2.7,759.0,0.0,Historical Operational Log (NTES Aligned)
J_12004_20260805,12004,New Delhi - Lucknow Shatabdi Express,Shatabdi,1,2026-08-05,NDLS,New Delhi,0,True,False,2026-08-05T06:10:00,2026-08-05T06:31:30,21.5,2026-08-05T06:10:00,2026-08-05T06:32:12,22.2,0.0,0.7,0.7,ORIGIN,0.3,Clear,0.0,0.5,0.0,512.0,Historical Operational Log (NTES Aligned)
J_12004_20260805,12004,New Delhi - Lucknow Shatabdi Express,Shatabdi,1,2026-08-05,CNB,Kanpur Central,1,False,False,2026-08-05T11:20:00,2026-08-05T11:30:12,10.2,2026-08-05T11:25:00,2026-08-05T11:35:12,10.2,5.0,5.0,0.0,SEC_NDLS_CNB,0.1,Clear,0.0,0.8,440.0,72.0,Historical Operational Log (NTES Aligned)
J_12004_20260805,12004,New Delhi - Lucknow Shatabdi Express,Shatabdi,1,2026-08-05,LKO,Lucknow Charbagh,2,False,True,2026-08-05T12:40:00,2026-08-05T12:55:18,15.3,2026-08-05T12:40:00,2026-08-05T12:56:24,16.4,0.0,1.1,1.1,SEC_CNB_LKO,0.69,Clear,0.0,2.3,512.0,0.0,Historical Operational Log (NTES Aligned)
J_12301_20260806,12301,Howrah - New Delhi Rajdhani Express,Rajdhani,1,2026-08-06,HWH,Howrah Junction,0,True,False,2026-08-06T16:50:00,2026-08-06T16:54:00,4.0,2026-08-06T16:50:00,2026-08-06T16:54:00,4.0,0.0,0.0,0.0,ORIGIN,0.3,Clear,0.0,1.9,0.0,1451.0,Historical Operational Log (NTES Aligned)
J_12301_20260806,12301,Howrah - New Delhi Rajdhani Express,Rajdhani,1,2026-08-06,DHN,Dhanbad Junction,1,False,False,2026-08-06T19:55:00,2026-08-06T20:01:06,6.1,2026-08-06T20:00:00,2026-08-06T20:06:06,6.1,5.0,5.0,0.0,SEC_HWH_DHN,0.47,Clear,0.0,2.5,259.0,1192.0,Historical Operational Log (NTES Aligned)
J_12301_20260806,12301,Howrah - New Delhi Rajdhani Express,Rajdhani,1,2026-08-06,GAYA,Gaya Junction,2,False,False,2026-08-06T22:34:00,2026-08-06T22:34:00,0.0,2026-08-06T22:37:00,2026-08-06T22:37:00,0.0,3.0,3.0,0.0,SEC_DHN_GAYA,0.1,Clear,0.0,2.0,459.0,992.0,Historical Operational Log (NTES Aligned)
J_12301_20260806,12301,Howrah - New Delhi Rajdhani Express,Rajdhani,1,2026-08-06,DDU,Pt. Deen Dayal Upadhyaya Jn,3,False,False,2026-08-07T00:45:00,2026-08-07T00:45:30,0.5,2026-08-07T00:55:00,2026-08-07T00:55:30,0.5,10.0,10.0,0.0,SEC_GAYA_DDU,0.52,Clear,0.0,3.5,664.0,787.0,Historical Operational Log (NTES Aligned)
J_12301_20260806,12301,Howrah - New Delhi Rajdhani Express,Rajdhani,1,2026-08-06,PRYJ,Prayagraj Junction,4,False,False,2026-08-07T02:43:00,2026-08-07T02:43:00,0.0,2026-08-07T02:45:00,2026-08-07T02:45:00,0.0,2.0,2.0,0.0,SEC_DDU_PRYJ,0.21,Clear,0.0,0.0,817.0,634.0,Historical Operational Log (NTES Aligned)
J_12301_20260806,12301,Howrah - New Delhi Rajdhani Express,Rajdhani,1,2026-08-06,CNB,Kanpur Central,5,False,False,2026-08-07T04:50:00,2026-08-07T04:50:00,0.0,2026-08-07T04:55:00,2026-08-07T04:55:00,0.0,5.0,5.0,0.0,SEC_PRYJ_CNB,0.11,Clear,0.0,1.1,1011.0,440.0,Historical Operational Log (NTES Aligned)
J_12301_20260806,12301,Howrah - New Delhi Rajdhani Express,Rajdhani,1,2026-08-06,NDLS,New Delhi,6,False,True,2026-08-07T10:05:00,2026-08-07T10:05:00,0.0,2026-08-07T10:05:00,2026-08-07T10:05:00,0.0,0.0,0.0,0.0,SEC_CNB_NDLS,0.1,Clear,0.0,0.6,1451.0,0.0,Historical Operational Log (NTES Aligned)
J_12302_20260806,12302,New Delhi - Howrah Rajdhani Express,Rajdhani,1,2026-08-06,NDLS,New Delhi,0,True,False,2026-08-06T16:55:00,2026-08-06T17:26:18,31.3,2026-08-06T16:55:00,2026-08-06T17:28:54,33.9,0.0,2.6,2.6,ORIGIN,0.3,Heavy Rain,0.0,2.9,0.0,1451.0,Historical Operational Log (NTES Aligned)
J_12302_20260806,12302,New Delhi - Howrah Rajdhani Express,Rajdhani,1,2026-08-06,CNB,Kanpur Central,1,False,False,2026-08-06T21:32:00,2026-08-06T21:55:30,23.5,2026-08-06T21:37:00,2026-08-06T22:03:24,26.4,5.0,7.9,2.9,SEC_NDLS_CNB,0.1,Heavy Rain,0.0,1.9,440.0,1011.0,Historical Operational Log (NTES Aligned)
J_12302_20260806,12302,New Delhi - Howrah Rajdhani Express,Rajdhani,1,2026-08-06,PRYJ,Prayagraj Junction,2,False,False,2026-08-06T23:43:00,2026-08-07T00:10:36,27.6,2026-08-06T23:45:00,2026-08-07T00:15:48,30.8,2.0,5.2,3.2,SEC_CNB_PRYJ,0.95,Heavy Rain,0.0,3.4,634.0,817.0,Historical Operational Log (NTES Aligned)
J_12302_20260806,12302,New Delhi - Howrah Rajdhani Express,Rajdhani,1,2026-08-06,DDU,Pt. Deen Dayal Upadhyaya Jn,3,False,False,2026-08-07T01:42:00,2026-08-07T01:58:06,16.1,2026-08-07T01:52:00,2026-08-07T02:09:42,17.7,10.0,11.6,1.6,SEC_PRYJ_DDU,0.1,Heavy Rain,0.0,1.7,787.0,664.0,Historical Operational Log (NTES Aligned)
J_12302_20260806,12302,New Delhi - Howrah Rajdhani Express,Rajdhani,1,2026-08-06,GAYA,Gaya Junction,4,False,False,2026-08-07T03:55:00,2026-08-07T04:10:12,15.2,2026-08-07T03:58:00,2026-08-07T04:13:48,15.8,3.0,3.6,0.6,SEC_DDU_GAYA,0.37,Heavy Rain,0.0,2.7,992.0,459.0,Historical Operational Log (NTES Aligned)
J_12302_20260806,12302,New Delhi - Howrah Rajdhani Express,Rajdhani,1,2026-08-06,DHN,Dhanbad Junction,5,False,False,2026-08-07T06:33:00,2026-08-07T06:43:42,10.7,2026-08-07T06:38:00,2026-08-07T06:48:42,10.7,5.0,5.0,0.0,SEC_GAYA_DHN,0.27,Heavy Rain,0.0,0.4,1192.0,259.0,Historical Operational Log (NTES Aligned)
J_12302_20260806,12302,New Delhi - Howrah Rajdhani Express,Rajdhani,1,2026-08-06,HWH,Howrah Junction,6,False,True,2026-08-07T09:55:00,2026-08-07T10:03:00,8.0,2026-08-07T09:55:00,2026-08-07T10:03:00,8.0,0.0,0.0,0.0,SEC_DHN_HWH,0.44,Heavy Rain,0.0,3.4,1451.0,0.0,Historical Operational Log (NTES Aligned)
J_12951_20260806,12951,Mumbai Central - New Delhi Rajdhani Express,Rajdhani,1,2026-08-06,MMCT,Mumbai Central,0,True,False,2026-08-06T17:00:00,2026-08-06T17:00:00,0.0,2026-08-06T17:00:00,2026-08-06T17:00:00,0.0,0.0,0.0,0.0,ORIGIN,0.3,Clear,0.0,1.2,0.0,1386.0,Historical Operational Log (NTES Aligned)
J_12951_20260806,12951,Mumbai Central - New Delhi Rajdhani Express,Rajdhani,1,2026-08-06,BRC,Vadodara Junction,1,False,False,2026-08-06T21:03:00,2026-08-06T21:03:00,0.0,2026-08-06T21:13:00,2026-08-06T21:13:00,0.0,10.0,10.0,0.0,SEC_MMCT_BRC,0.22,Clear,0.0,0.7,393.0,993.0,Historical Operational Log (NTES Aligned)
J_12951_20260806,12951,Mumbai Central - New Delhi Rajdhani Express,Rajdhani,1,2026-08-06,RTM,Ratlam Junction,2,False,False,2026-08-07T00:25:00,2026-08-07T00:25:00,0.0,2026-08-07T00:28:00,2026-08-07T00:28:00,0.0,3.0,3.0,0.0,SEC_BRC_RTM,0.28,Clear,0.0,0.0,653.0,733.0,Historical Operational Log (NTES Aligned)
J_12951_20260806,12951,Mumbai Central - New Delhi Rajdhani Express,Rajdhani,1,2026-08-06,KOTA,Kota Junction,3,False,False,2026-08-07T03:15:00,2026-08-07T03:15:00,0.0,2026-08-07T03:25:00,2026-08-07T03:25:00,0.0,10.0,10.0,0.0,SEC_RTM_KOTA,0.23,Clear,0.0,3.6,920.0,466.0,Historical Operational Log (NTES Aligned)
J_12951_20260806,12951,Mumbai Central - New Delhi Rajdhani Express,Rajdhani,1,2026-08-06,MTJ,Mathura Junction,4,False,False,2026-08-07T06:43:00,2026-08-07T06:43:00,0.0,2026-08-07T06:45:00,2026-08-07T06:45:00,0.0,2.0,2.0,0.0,SEC_KOTA_MTJ,0.11,Clear,0.0,4.2,1244.0,142.0,Historical Operational Log (NTES Aligned)
J_12951_20260806,12951,Mumbai Central - New Delhi Rajdhani Express,Rajdhani,1,2026-08-06,NDLS,New Delhi,5,False,True,2026-08-07T08:32:00,2026-08-07T08:32:00,0.0,2026-08-07T08:32:00,2026-08-07T08:32:00,0.0,0.0,0.0,0.0,SEC_MTJ_NDLS,0.56,Clear,0.0,0.6,1386.0,0.0,Historical Operational Log (NTES Aligned)
J_22436_20260806,22436,New Delhi - Varanasi Vande Bharat Express,Vande Bharat,1,2026-08-06,NDLS,New Delhi,0,True,False,2026-08-06T06:00:00,2026-08-06T06:00:00,0.0,2026-08-06T06:00:00,2026-08-06T06:00:00,0.0,0.0,0.0,0.0,ORIGIN,0.3,Clear,0.0,1.9,0.0,759.0,Historical Operational Log (NTES Aligned)
J_22436_20260806,22436,New Delhi - Varanasi Vande Bharat Express,Vande Bharat,1,2026-08-06,CNB,Kanpur Central,1,False,False,2026-08-06T10:08:00,2026-08-06T10:08:00,0.0,2026-08-06T10:10:00,2026-08-06T10:10:00,0.0,2.0,2.0,0.0,SEC_NDLS_CNB,0.42,Clear,0.0,3.5,440.0,319.0,Historical Operational Log (NTES Aligned)
J_22436_20260806,22436,New Delhi - Varanasi Vande Bharat Express,Vande Bharat,1,2026-08-06,PRYJ,Prayagraj Junction,2,False,False,2026-08-06T12:08:00,2026-08-06T12:08:00,0.0,2026-08-06T12:10:00,2026-08-06T12:10:00,0.0,2.0,2.0,0.0,SEC_CNB_PRYJ,0.11,Clear,0.0,2.2,634.0,125.0,Historical Operational Log (NTES Aligned)
J_22436_20260806,22436,New Delhi - Varanasi Vande Bharat Express,Vande Bharat,1,2026-08-06,BSB,Varanasi Junction,3,False,True,2026-08-06T14:00:00,2026-08-06T14:00:00,0.0,2026-08-06T14:00:00,2026-08-06T14:00:00,0.0,0.0,0.0,0.0,SEC_PRYJ_BSB,0.54,Clear,0.0,1.1,759.0,0.0,Historical Operational Log (NTES Aligned)
J_12004_20260806,12004,New Delhi - Lucknow Shatabdi Express,Shatabdi,1,2026-08-06,NDLS,New Delhi,0,True,False,2026-08-06T06:10:00,2026-08-06T06:10:00,0.0,2026-08-06T06:10:00,2026-08-06T06:10:00,0.0,0.0,0.0,0.0,ORIGIN,0.3,Clear,0.0,4.1,0.0,512.0,Historical Operational Log (NTES Aligned)
J_12004_20260806,12004,New Delhi - Lucknow Shatabdi Express,Shatabdi,1,2026-08-06,CNB,Kanpur Central,1,False,False,2026-08-06T11:20:00,2026-08-06T11:20:00,0.0,2026-08-06T11:25:00,2026-08-06T11:25:00,0.0,5.0,5.0,0.0,SEC_NDLS_CNB,0.16,Clear,0.0,2.3,440.0,72.0,Historical Operational Log (NTES Aligned)
J_12004_20260806,12004,New Delhi - Lucknow Shatabdi Express,Shatabdi,1,2026-08-06,LKO,Lucknow Charbagh,2,False,True,2026-08-06T12:40:00,2026-08-06T12:40:00,0.0,2026-08-06T12:40:00,2026-08-06T12:40:00,0.0,0.0,0.0,0.0,SEC_CNB_LKO,0.11,Clear,0.0,1.1,512.0,0.0,Historical Operational Log (NTES Aligned)
J_12301_20260807,12301,Howrah - New Delhi Rajdhani Express,Rajdhani,1,2026-08-07,HWH,Howrah Junction,0,True,False,2026-08-07T16:50:00,2026-08-07T16:51:06,1.1,2026-08-07T16:50:00,2026-08-07T16:51:06,1.1,0.0,0.0,0.0,ORIGIN,0.3,Dense Fog,0.0,2.4,0.0,1451.0,Historical Operational Log (NTES Aligned)
J_12301_20260807,12301,Howrah - New Delhi Rajdhani Express,Rajdhani,1,2026-08-07,DHN,Dhanbad Junction,1,False,False,2026-08-07T19:55:00,2026-08-07T19:57:18,2.3,2026-08-07T20:00:00,2026-08-07T20:02:18,2.3,5.0,5.0,0.0,SEC_HWH_DHN,0.66,Dense Fog,0.0,0.9,259.0,1192.0,Historical Operational Log (NTES Aligned)
J_12301_20260807,12301,Howrah - New Delhi Rajdhani Express,Rajdhani,1,2026-08-07,GAYA,Gaya Junction,2,False,False,2026-08-07T22:34:00,2026-08-07T22:34:00,0.0,2026-08-07T22:37:00,2026-08-07T22:37:00,0.0,3.0,3.0,0.0,SEC_DHN_GAYA,0.23,Dense Fog,0.0,2.3,459.0,992.0,Historical Operational Log (NTES Aligned)
J_12301_20260807,12301,Howrah - New Delhi Rajdhani Express,Rajdhani,1,2026-08-07,DDU,Pt. Deen Dayal Upadhyaya Jn,3,False,False,2026-08-08T00:45:00,2026-08-08T00:45:00,0.0,2026-08-08T00:55:00,2026-08-08T00:55:00,0.0,10.0,10.0,0.0,SEC_GAYA_DDU,0.28,Dense Fog,0.0,3.6,664.0,787.0,Historical Operational Log (NTES Aligned)
J_12301_20260807,12301,Howrah - New Delhi Rajdhani Express,Rajdhani,1,2026-08-07,PRYJ,Prayagraj Junction,4,False,False,2026-08-08T02:43:00,2026-08-08T02:43:00,0.0,2026-08-08T02:45:00,2026-08-08T02:45:00,0.0,2.0,2.0,0.0,SEC_DDU_PRYJ,0.34,Dense Fog,0.0,3.7,817.0,634.0,Historical Operational Log (NTES Aligned)
J_12301_20260807,12301,Howrah - New Delhi Rajdhani Express,Rajdhani,1,2026-08-07,CNB,Kanpur Central,5,False,False,2026-08-08T04:50:00,2026-08-08T04:53:12,3.2,2026-08-08T04:55:00,2026-08-08T04:58:12,3.2,5.0,5.0,0.0,SEC_PRYJ_CNB,0.54,Dense Fog,0.0,3.0,1011.0,440.0,Historical Operational Log (NTES Aligned)
J_12301_20260807,12301,Howrah - New Delhi Rajdhani Express,Rajdhani,1,2026-08-07,NDLS,New Delhi,6,False,True,2026-08-08T10:05:00,2026-08-08T10:05:48,0.8,2026-08-08T10:05:00,2026-08-08T10:05:48,0.8,0.0,0.0,0.0,SEC_CNB_NDLS,0.36,Dense Fog,0.0,1.4,1451.0,0.0,Historical Operational Log (NTES Aligned)
J_12302_20260807,12302,New Delhi - Howrah Rajdhani Express,Rajdhani,1,2026-08-07,NDLS,New Delhi,0,True,False,2026-08-07T16:55:00,2026-08-07T16:57:42,2.7,2026-08-07T16:55:00,2026-08-07T16:57:42,2.7,0.0,0.0,0.0,ORIGIN,0.3,Clear,0.0,2.0,0.0,1451.0,Historical Operational Log (NTES Aligned)
J_12302_20260807,12302,New Delhi - Howrah Rajdhani Express,Rajdhani,1,2026-08-07,CNB,Kanpur Central,1,False,False,2026-08-07T21:32:00,2026-08-07T21:32:00,0.0,2026-08-07T21:37:00,2026-08-07T21:37:00,0.0,5.0,5.0,0.0,SEC_NDLS_CNB,0.29,Clear,0.0,5.2,440.0,1011.0,Historical Operational Log (NTES Aligned)
J_12302_20260807,12302,New Delhi - Howrah Rajdhani Express,Rajdhani,1,2026-08-07,PRYJ,Prayagraj Junction,2,False,False,2026-08-07T23:43:00,2026-08-07T23:43:00,0.0,2026-08-07T23:45:00,2026-08-07T23:45:00,0.0,2.0,2.0,0.0,SEC_CNB_PRYJ,0.2,Clear,0.0,2.4,634.0,817.0,Historical Operational Log (NTES Aligned)
J_12302_20260807,12302,New Delhi - Howrah Rajdhani Express,Rajdhani,1,2026-08-07,DDU,Pt. Deen Dayal Upadhyaya Jn,3,False,False,2026-08-08T01:42:00,2026-08-08T01:42:00,0.0,2026-08-08T01:52:00,2026-08-08T01:52:00,0.0,10.0,10.0,0.0,SEC_PRYJ_DDU,0.34,Clear,0.0,2.3,787.0,664.0,Historical Operational Log (NTES Aligned)
J_12302_20260807,12302,New Delhi - Howrah Rajdhani Express,Rajdhani,1,2026-08-07,GAYA,Gaya Junction,4,False,False,2026-08-08T03:55:00,2026-08-08T03:57:54,2.9,2026-08-08T03:58:00,2026-08-08T04:00:54,2.9,3.0,3.0,0.0,SEC_DDU_GAYA,0.56,Clear,0.0,0.0,992.0,459.0,Historical Operational Log (NTES Aligned)
J_12302_20260807,12302,New Delhi - Howrah Rajdhani Express,Rajdhani,1,2026-08-07,DHN,Dhanbad Junction,5,False,False,2026-08-08T06:33:00,2026-08-08T06:34:00,1.0,2026-08-08T06:38:00,2026-08-08T06:39:00,1.0,5.0,5.0,0.0,SEC_GAYA_DHN,0.16,Clear,0.0,1.9,1192.0,259.0,Historical Operational Log (NTES Aligned)
J_12302_20260807,12302,New Delhi - Howrah Rajdhani Express,Rajdhani,1,2026-08-07,HWH,Howrah Junction,6,False,True,2026-08-08T09:55:00,2026-08-08T09:55:00,0.0,2026-08-08T09:55:00,2026-08-08T09:55:00,0.0,0.0,0.0,0.0,SEC_DHN_HWH,0.32,Clear,0.0,3.0,1451.0,0.0,Historical Operational Log (NTES Aligned)
J_12951_20260807,12951,Mumbai Central - New Delhi Rajdhani Express,Rajdhani,1,2026-08-07,MMCT,Mumbai Central,0,True,False,2026-08-07T17:00:00,2026-08-07T17:00:00,0.0,2026-08-07T17:00:00,2026-08-07T17:00:00,0.0,0.0,0.0,0.0,ORIGIN,0.3,Clear,0.0,3.5,0.0,1386.0,Historical Operational Log (NTES Aligned)
J_12951_20260807,12951,Mumbai Central - New Delhi Rajdhani Express,Rajdhani,1,2026-08-07,BRC,Vadodara Junction,1,False,False,2026-08-07T21:03:00,2026-08-07T21:03:00,0.0,2026-08-07T21:13:00,2026-08-07T21:13:00,0.0,10.0,10.0,0.0,SEC_MMCT_BRC,0.31,Clear,0.0,0.3,393.0,993.0,Historical Operational Log (NTES Aligned)
J_12951_20260807,12951,Mumbai Central - New Delhi Rajdhani Express,Rajdhani,1,2026-08-07,RTM,Ratlam Junction,2,False,False,2026-08-08T00:25:00,2026-08-08T00:25:00,0.0,2026-08-08T00:28:00,2026-08-08T00:28:00,0.0,3.0,3.0,0.0,SEC_BRC_RTM,0.2,Clear,0.0,1.7,653.0,733.0,Historical Operational Log (NTES Aligned)
J_12951_20260807,12951,Mumbai Central - New Delhi Rajdhani Express,Rajdhani,1,2026-08-07,KOTA,Kota Junction,3,False,False,2026-08-08T03:15:00,2026-08-08T03:15:00,0.0,2026-08-08T03:25:00,2026-08-08T03:25:00,0.0,10.0,10.0,0.0,SEC_RTM_KOTA,0.21,Clear,0.0,1.5,920.0,466.0,Historical Operational Log (NTES Aligned)
J_12951_20260807,12951,Mumbai Central - New Delhi Rajdhani Express,Rajdhani,1,2026-08-07,MTJ,Mathura Junction,4,False,False,2026-08-08T06:43:00,2026-08-08T06:43:00,0.0,2026-08-08T06:45:00,2026-08-08T06:45:00,0.0,2.0,2.0,0.0,SEC_KOTA_MTJ,0.34,Clear,0.0,3.1,1244.0,142.0,Historical Operational Log (NTES Aligned)
J_12951_20260807,12951,Mumbai Central - New Delhi Rajdhani Express,Rajdhani,1,2026-08-07,NDLS,New Delhi,5,False,True,2026-08-08T08:32:00,2026-08-08T08:32:00,0.0,2026-08-08T08:32:00,2026-08-08T08:32:00,0.0,0.0,0.0,0.0,SEC_MTJ_NDLS,0.28,Clear,0.0,2.7,1386.0,0.0,Historical Operational Log (NTES Aligned)
J_22436_20260807,22436,New Delhi - Varanasi Vande Bharat Express,Vande Bharat,1,2026-08-07,NDLS,New Delhi,0,True,False,2026-08-07T06:00:00,2026-08-07T06:00:00,0.0,2026-08-07T06:00:00,2026-08-07T06:00:00,0.0,0.0,0.0,0.0,ORIGIN,0.3,Clear,0.0,4.7,0.0,759.0,Historical Operational Log (NTES Aligned)
J_22436_20260807,22436,New Delhi - Varanasi Vande Bharat Express,Vande Bharat,1,2026-08-07,CNB,Kanpur Central,1,False,False,2026-08-07T10:08:00,2026-08-07T10:08:00,0.0,2026-08-07T10:10:00,2026-08-07T10:10:00,0.0,2.0,2.0,0.0,SEC_NDLS_CNB,0.16,Clear,0.0,3.5,440.0,319.0,Historical Operational Log (NTES Aligned)
J_22436_20260807,22436,New Delhi - Varanasi Vande Bharat Express,Vande Bharat,1,2026-08-07,PRYJ,Prayagraj Junction,2,False,False,2026-08-07T12:08:00,2026-08-07T12:09:48,1.8,2026-08-07T12:10:00,2026-08-07T12:11:48,1.8,2.0,2.0,0.0,SEC_CNB_PRYJ,0.22,Clear,0.0,1.3,634.0,125.0,Historical Operational Log (NTES Aligned)
J_22436_20260807,22436,New Delhi - Varanasi Vande Bharat Express,Vande Bharat,1,2026-08-07,BSB,Varanasi Junction,3,False,True,2026-08-07T14:00:00,2026-08-07T14:01:06,1.1,2026-08-07T14:00:00,2026-08-07T14:01:06,1.1,0.0,0.0,0.0,SEC_PRYJ_BSB,0.56,Clear,0.0,1.1,759.0,0.0,Historical Operational Log (NTES Aligned)
J_12004_20260807,12004,New Delhi - Lucknow Shatabdi Express,Shatabdi,1,2026-08-07,NDLS,New Delhi,0,True,False,2026-08-07T06:10:00,2026-08-07T06:10:00,0.0,2026-08-07T06:10:00,2026-08-07T06:10:00,0.0,0.0,0.0,0.0,ORIGIN,0.3,Clear,0.0,5.6,0.0,512.0,Historical Operational Log (NTES Aligned)
J_12004_20260807,12004,New Delhi - Lucknow Shatabdi Express,Shatabdi,1,2026-08-07,CNB,Kanpur Central,1,False,False,2026-08-07T11:20:00,2026-08-07T11:20:00,0.0,2026-08-07T11:25:00,2026-08-07T11:25:00,0.0,5.0,5.0,0.0,SEC_NDLS_CNB,0.28,Clear,0.0,0.7,440.0,72.0,Historical Operational Log (NTES Aligned)
J_12004_20260807,12004,New Delhi - Lucknow Shatabdi Express,Shatabdi,1,2026-08-07,LKO,Lucknow Charbagh,2,False,True,2026-08-07T12:40:00,2026-08-07T12:40:00,0.0,2026-08-07T12:40:00,2026-08-07T12:40:00,0.0,0.0,0.0,0.0,SEC_CNB_LKO,0.38,Clear,0.0,3.5,512.0,0.0,Historical Operational Log (NTES Aligned)
J_12301_20260808,12301,Howrah - New Delhi Rajdhani Express,Rajdhani,1,2026-08-08,HWH,Howrah Junction,0,True,False,2026-08-08T16:50:00,2026-08-08T16:50:00,0.0,2026-08-08T16:50:00,2026-08-08T16:50:00,0.0,0.0,0.0,0.0,ORIGIN,0.3,Clear,0.0,2.9,0.0,1451.0,Historical Operational Log (NTES Aligned)
J_12301_20260808,12301,Howrah - New Delhi Rajdhani Express,Rajdhani,1,2026-08-08,DHN,Dhanbad Junction,1,False,False,2026-08-08T19:55:00,2026-08-08T19:57:24,2.4,2026-08-08T20:00:00,2026-08-08T20:02:24,2.4,5.0,5.0,0.0,SEC_HWH_DHN,0.39,Clear,0.0,2.5,259.0,1192.0,Historical Operational Log (NTES Aligned)
J_12301_20260808,12301,Howrah - New Delhi Rajdhani Express,Rajdhani,1,2026-08-08,GAYA,Gaya Junction,2,False,False,2026-08-08T22:34:00,2026-08-08T22:34:00,0.0,2026-08-08T22:37:00,2026-08-08T22:37:00,0.0,3.0,3.0,0.0,SEC_DHN_GAYA,0.26,Clear,0.0,3.4,459.0,992.0,Historical Operational Log (NTES Aligned)
J_12301_20260808,12301,Howrah - New Delhi Rajdhani Express,Rajdhani,1,2026-08-08,DDU,Pt. Deen Dayal Upadhyaya Jn,3,False,False,2026-08-09T00:45:00,2026-08-09T00:45:00,0.0,2026-08-09T00:55:00,2026-08-09T00:55:00,0.0,10.0,10.0,0.0,SEC_GAYA_DDU,0.15,Clear,0.0,2.3,664.0,787.0,Historical Operational Log (NTES Aligned)
J_12301_20260808,12301,Howrah - New Delhi Rajdhani Express,Rajdhani,1,2026-08-08,PRYJ,Prayagraj Junction,4,False,False,2026-08-09T02:43:00,2026-08-09T02:45:12,2.2,2026-08-09T02:45:00,2026-08-09T02:47:12,2.2,2.0,2.0,0.0,SEC_DDU_PRYJ,0.15,Clear,0.0,1.9,817.0,634.0,Historical Operational Log (NTES Aligned)
J_12301_20260808,12301,Howrah - New Delhi Rajdhani Express,Rajdhani,1,2026-08-08,CNB,Kanpur Central,5,False,False,2026-08-09T04:50:00,2026-08-09T04:52:42,2.7,2026-08-09T04:55:00,2026-08-09T04:57:42,2.7,5.0,5.0,0.0,SEC_PRYJ_CNB,0.52,Clear,0.0,1.6,1011.0,440.0,Historical Operational Log (NTES Aligned)
J_12301_20260808,12301,Howrah - New Delhi Rajdhani Express,Rajdhani,1,2026-08-08,NDLS,New Delhi,6,False,True,2026-08-09T10:05:00,2026-08-09T10:05:00,0.0,2026-08-09T10:05:00,2026-08-09T10:05:00,0.0,0.0,0.0,0.0,SEC_CNB_NDLS,0.1,Clear,0.0,0.2,1451.0,0.0,Historical Operational Log (NTES Aligned)
J_12302_20260808,12302,New Delhi - Howrah Rajdhani Express,Rajdhani,1,2026-08-08,NDLS,New Delhi,0,True,False,2026-08-08T16:55:00,2026-08-08T16:55:00,0.0,2026-08-08T16:55:00,2026-08-08T16:55:00,0.0,0.0,0.0,0.0,ORIGIN,0.3,Clear,0.0,2.3,0.0,1451.0,Historical Operational Log (NTES Aligned)
J_12302_20260808,12302,New Delhi - Howrah Rajdhani Express,Rajdhani,1,2026-08-08,CNB,Kanpur Central,1,False,False,2026-08-08T21:32:00,2026-08-08T21:34:54,2.9,2026-08-08T21:37:00,2026-08-08T21:39:54,2.9,5.0,5.0,0.0,SEC_NDLS_CNB,0.43,Clear,0.0,1.7,440.0,1011.0,Historical Operational Log (NTES Aligned)
J_12302_20260808,12302,New Delhi - Howrah Rajdhani Express,Rajdhani,1,2026-08-08,PRYJ,Prayagraj Junction,2,False,False,2026-08-08T23:43:00,2026-08-08T23:43:00,0.0,2026-08-08T23:45:00,2026-08-08T23:45:00,0.0,2.0,2.0,0.0,SEC_CNB_PRYJ,0.32,Clear,0.0,4.2,634.0,817.0,Historical Operational Log (NTES Aligned)
J_12302_20260808,12302,New Delhi - Howrah Rajdhani Express,Rajdhani,1,2026-08-08,DDU,Pt. Deen Dayal Upadhyaya Jn,3,False,False,2026-08-09T01:42:00,2026-08-09T01:42:00,0.0,2026-08-09T01:52:00,2026-08-09T01:52:00,0.0,10.0,10.0,0.0,SEC_PRYJ_DDU,0.43,Clear,0.0,1.2,787.0,664.0,Historical Operational Log (NTES Aligned)
J_12302_20260808,12302,New Delhi - Howrah Rajdhani Express,Rajdhani,1,2026-08-08,GAYA,Gaya Junction,4,False,False,2026-08-09T03:55:00,2026-08-09T03:55:00,0.0,2026-08-09T03:58:00,2026-08-09T03:58:00,0.0,3.0,3.0,0.0,SEC_DDU_GAYA,0.15,Clear,0.0,2.8,992.0,459.0,Historical Operational Log (NTES Aligned)
J_12302_20260808,12302,New Delhi - Howrah Rajdhani Express,Rajdhani,1,2026-08-08,DHN,Dhanbad Junction,5,False,False,2026-08-09T06:33:00,2026-08-09T06:33:00,0.0,2026-08-09T06:38:00,2026-08-09T06:38:00,0.0,5.0,5.0,0.0,SEC_GAYA_DHN,0.48,Clear,0.0,1.5,1192.0,259.0,Historical Operational Log (NTES Aligned)
J_12302_20260808,12302,New Delhi - Howrah Rajdhani Express,Rajdhani,1,2026-08-08,HWH,Howrah Junction,6,False,True,2026-08-09T09:55:00,2026-08-09T09:55:00,0.0,2026-08-09T09:55:00,2026-08-09T09:55:00,0.0,0.0,0.0,0.0,SEC_DHN_HWH,0.1,Clear,0.0,1.3,1451.0,0.0,Historical Operational Log (NTES Aligned)
J_12951_20260808,12951,Mumbai Central - New Delhi Rajdhani Express,Rajdhani,1,2026-08-08,MMCT,Mumbai Central,0,True,False,2026-08-08T17:00:00,2026-08-08T17:08:30,8.5,2026-08-08T17:00:00,2026-08-08T17:08:30,8.5,0.0,0.0,0.0,ORIGIN,0.3,Clear,0.0,2.1,0.0,1386.0,Historical Operational Log (NTES Aligned)
J_12951_20260808,12951,Mumbai Central - New Delhi Rajdhani Express,Rajdhani,1,2026-08-08,BRC,Vadodara Junction,1,False,False,2026-08-08T21:03:00,2026-08-08T21:07:48,4.8,2026-08-08T21:13:00,2026-08-08T21:17:48,4.8,10.0,10.0,0.0,SEC_MMCT_BRC,0.11,Clear,0.0,4.3,393.0,993.0,Historical Operational Log (NTES Aligned)
J_12951_20260808,12951,Mumbai Central - New Delhi Rajdhani Express,Rajdhani,1,2026-08-08,RTM,Ratlam Junction,2,False,False,2026-08-09T00:25:00,2026-08-09T00:29:06,4.1,2026-08-09T00:28:00,2026-08-09T00:32:06,4.1,3.0,3.0,0.0,SEC_BRC_RTM,0.31,Clear,0.0,2.6,653.0,733.0,Historical Operational Log (NTES Aligned)
J_12951_20260808,12951,Mumbai Central - New Delhi Rajdhani Express,Rajdhani,1,2026-08-08,KOTA,Kota Junction,3,False,False,2026-08-09T03:15:00,2026-08-09T03:16:36,1.6,2026-08-09T03:25:00,2026-08-09T03:26:36,1.6,10.0,10.0,0.0,SEC_RTM_KOTA,0.36,Clear,0.0,1.9,920.0,466.0,Historical Operational Log (NTES Aligned)
J_12951_20260808,12951,Mumbai Central - New Delhi Rajdhani Express,Rajdhani,1,2026-08-08,MTJ,Mathura Junction,4,False,False,2026-08-09T06:43:00,2026-08-09T06:43:00,0.0,2026-08-09T06:45:00,2026-08-09T06:45:00,0.0,2.0,2.0,0.0,SEC_KOTA_MTJ,0.27,Clear,0.0,2.1,1244.0,142.0,Historical Operational Log (NTES Aligned)
J_12951_20260808,12951,Mumbai Central - New Delhi Rajdhani Express,Rajdhani,1,2026-08-08,NDLS,New Delhi,5,False,True,2026-08-09T08:32:00,2026-08-09T08:32:00,0.0,2026-08-09T08:32:00,2026-08-09T08:32:00,0.0,0.0,0.0,0.0,SEC_MTJ_NDLS,0.1,Clear,0.0,3.5,1386.0,0.0,Historical Operational Log (NTES Aligned)
J_22436_20260808,22436,New Delhi - Varanasi Vande Bharat Express,Vande Bharat,1,2026-08-08,NDLS,New Delhi,0,True,False,2026-08-08T06:00:00,2026-08-08T06:00:00,0.0,2026-08-08T06:00:00,2026-08-08T06:00:00,0.0,0.0,0.0,0.0,ORIGIN,0.3,Clear,0.0,3.7,0.0,759.0,Historical Operational Log (NTES Aligned)
J_22436_20260808,22436,New Delhi - Varanasi Vande Bharat Express,Vande Bharat,1,2026-08-08,CNB,Kanpur Central,1,False,False,2026-08-08T10:08:00,2026-08-08T10:08:00,0.0,2026-08-08T10:10:00,2026-08-08T10:10:00,0.0,2.0,2.0,0.0,SEC_NDLS_CNB,0.11,Clear,0.0,1.7,440.0,319.0,Historical Operational Log (NTES Aligned)
J_22436_20260808,22436,New Delhi - Varanasi Vande Bharat Express,Vande Bharat,1,2026-08-08,PRYJ,Prayagraj Junction,2,False,False,2026-08-08T12:08:00,2026-08-08T12:09:30,1.5,2026-08-08T12:10:00,2026-08-08T12:11:30,1.5,2.0,2.0,0.0,SEC_CNB_PRYJ,0.3,Clear,0.0,2.3,634.0,125.0,Historical Operational Log (NTES Aligned)
J_22436_20260808,22436,New Delhi - Varanasi Vande Bharat Express,Vande Bharat,1,2026-08-08,BSB,Varanasi Junction,3,False,True,2026-08-08T14:00:00,2026-08-08T14:00:00,0.0,2026-08-08T14:00:00,2026-08-08T14:00:00,0.0,0.0,0.0,0.0,SEC_PRYJ_BSB,0.4,Clear,0.0,3.0,759.0,0.0,Historical Operational Log (NTES Aligned)
J_12004_20260808,12004,New Delhi - Lucknow Shatabdi Express,Shatabdi,1,2026-08-08,NDLS,New Delhi,0,True,False,2026-08-08T06:10:00,2026-08-08T06:10:00,0.0,2026-08-08T06:10:00,2026-08-08T06:10:00,0.0,0.0,0.0,0.0,ORIGIN,0.3,Clear,0.0,0.3,0.0,512.0,Historical Operational Log (NTES Aligned)
J_12004_20260808,12004,New Delhi - Lucknow Shatabdi Express,Shatabdi,1,2026-08-08,CNB,Kanpur Central,1,False,False,2026-08-08T11:20:00,2026-08-08T11:20:00,0.0,2026-08-08T11:25:00,2026-08-08T11:25:00,0.0,5.0,5.0,0.0,SEC_NDLS_CNB,0.39,Clear,0.0,2.5,440.0,72.0,Historical Operational Log (NTES Aligned)
J_12004_20260808,12004,New Delhi - Lucknow Shatabdi Express,Shatabdi,1,2026-08-08,LKO,Lucknow Charbagh,2,False,True,2026-08-08T12:40:00,2026-08-08T12:40:00,0.0,2026-08-08T12:40:00,2026-08-08T12:40:00,0.0,0.0,0.0,0.0,SEC_CNB_LKO,0.27,Clear,0.0,3.4,512.0,0.0,Historical Operational Log (NTES Aligned)
J_12301_20260809,12301,Howrah - New Delhi Rajdhani Express,Rajdhani,1,2026-08-09,HWH,Howrah Junction,0,True,False,2026-08-09T16:50:00,2026-08-09T16:50:00,0.0,2026-08-09T16:50:00,2026-08-09T16:50:00,0.0,0.0,0.0,0.0,ORIGIN,0.3,Clear,0.0,2.9,0.0,1451.0,Historical Operational Log (NTES Aligned)
J_12301_20260809,12301,Howrah - New Delhi Rajdhani Express,Rajdhani,1,2026-08-09,DHN,Dhanbad Junction,1,False,False,2026-08-09T19:55:00,2026-08-09T19:55:00,0.0,2026-08-09T20:00:00,2026-08-09T20:00:00,0.0,5.0,5.0,0.0,SEC_HWH_DHN,0.25,Clear,0.0,1.7,259.0,1192.0,Historical Operational Log (NTES Aligned)
J_12301_20260809,12301,Howrah - New Delhi Rajdhani Express,Rajdhani,1,2026-08-09,GAYA,Gaya Junction,2,False,False,2026-08-09T22:34:00,2026-08-09T22:34:00,0.0,2026-08-09T22:37:00,2026-08-09T22:37:00,0.0,3.0,3.0,0.0,SEC_DHN_GAYA,0.41,Clear,0.0,0.5,459.0,992.0,Historical Operational Log (NTES Aligned)
J_12301_20260809,12301,Howrah - New Delhi Rajdhani Express,Rajdhani,1,2026-08-09,DDU,Pt. Deen Dayal Upadhyaya Jn,3,False,False,2026-08-10T00:45:00,2026-08-10T00:45:00,0.0,2026-08-10T00:55:00,2026-08-10T00:55:00,0.0,10.0,10.0,0.0,SEC_GAYA_DDU,0.1,Clear,0.0,4.5,664.0,787.0,Historical Operational Log (NTES Aligned)
J_12301_20260809,12301,Howrah - New Delhi Rajdhani Express,Rajdhani,1,2026-08-09,PRYJ,Prayagraj Junction,4,False,False,2026-08-10T02:43:00,2026-08-10T02:43:00,0.0,2026-08-10T02:45:00,2026-08-10T02:45:00,0.0,2.0,2.0,0.0,SEC_DDU_PRYJ,0.72,Clear,0.0,5.4,817.0,634.0,Historical Operational Log (NTES Aligned)
J_12301_20260809,12301,Howrah - New Delhi Rajdhani Express,Rajdhani,1,2026-08-09,CNB,Kanpur Central,5,False,False,2026-08-10T04:50:00,2026-08-10T04:50:00,0.0,2026-08-10T04:55:00,2026-08-10T04:55:00,0.0,5.0,5.0,0.0,SEC_PRYJ_CNB,0.18,Clear,0.0,2.8,1011.0,440.0,Historical Operational Log (NTES Aligned)
J_12301_20260809,12301,Howrah - New Delhi Rajdhani Express,Rajdhani,1,2026-08-09,NDLS,New Delhi,6,False,True,2026-08-10T10:05:00,2026-08-10T10:05:00,0.0,2026-08-10T10:05:00,2026-08-10T10:05:00,0.0,0.0,0.0,0.0,SEC_CNB_NDLS,0.27,Clear,0.0,2.4,1451.0,0.0,Historical Operational Log (NTES Aligned)
J_12302_20260809,12302,New Delhi - Howrah Rajdhani Express,Rajdhani,1,2026-08-09,NDLS,New Delhi,0,True,False,2026-08-09T16:55:00,2026-08-09T16:55:00,0.0,2026-08-09T16:55:00,2026-08-09T16:55:00,0.0,0.0,0.0,0.0,ORIGIN,0.3,Heavy Rain,0.0,0.9,0.0,1451.0,Historical Operational Log (NTES Aligned)
J_12302_20260809,12302,New Delhi - Howrah Rajdhani Express,Rajdhani,1,2026-08-09,CNB,Kanpur Central,1,False,False,2026-08-09T21:32:00,2026-08-09T21:32:00,0.0,2026-08-09T21:37:00,2026-08-09T21:37:00,0.0,5.0,5.0,0.0,SEC_NDLS_CNB,0.43,Heavy Rain,0.0,2.3,440.0,1011.0,Historical Operational Log (NTES Aligned)
J_12302_20260809,12302,New Delhi - Howrah Rajdhani Express,Rajdhani,1,2026-08-09,PRYJ,Prayagraj Junction,2,False,False,2026-08-09T23:43:00,2026-08-09T23:43:06,0.1,2026-08-09T23:45:00,2026-08-09T23:45:06,0.1,2.0,2.0,0.0,SEC_CNB_PRYJ,0.45,Heavy Rain,0.0,0.5,634.0,817.0,Historical Operational Log (NTES Aligned)
J_12302_20260809,12302,New Delhi - Howrah Rajdhani Express,Rajdhani,1,2026-08-09,DDU,Pt. Deen Dayal Upadhyaya Jn,3,False,False,2026-08-10T01:42:00,2026-08-10T01:42:00,0.0,2026-08-10T01:52:00,2026-08-10T01:52:00,0.0,10.0,10.0,0.0,SEC_PRYJ_DDU,0.46,Heavy Rain,0.0,1.1,787.0,664.0,Historical Operational Log (NTES Aligned)
J_12302_20260809,12302,New Delhi - Howrah Rajdhani Express,Rajdhani,1,2026-08-09,GAYA,Gaya Junction,4,False,False,2026-08-10T03:55:00,2026-08-10T03:55:00,0.0,2026-08-10T03:58:00,2026-08-10T03:58:00,0.0,3.0,3.0,0.0,SEC_DDU_GAYA,0.28,Heavy Rain,0.0,2.2,992.0,459.0,Historical Operational Log (NTES Aligned)
J_12302_20260809,12302,New Delhi - Howrah Rajdhani Express,Rajdhani,1,2026-08-09,DHN,Dhanbad Junction,5,False,False,2026-08-10T06:33:00,2026-08-10T06:33:00,0.0,2026-08-10T06:38:00,2026-08-10T06:38:00,0.0,5.0,5.0,0.0,SEC_GAYA_DHN,0.18,Heavy Rain,0.0,0.9,1192.0,259.0,Historical Operational Log (NTES Aligned)
J_12302_20260809,12302,New Delhi - Howrah Rajdhani Express,Rajdhani,1,2026-08-09,HWH,Howrah Junction,6,False,True,2026-08-10T09:55:00,2026-08-10T09:55:00,0.0,2026-08-10T09:55:00,2026-08-10T09:55:00,0.0,0.0,0.0,0.0,SEC_DHN_HWH,0.16,Heavy Rain,0.0,0.1,1451.0,0.0,Historical Operational Log (NTES Aligned)
J_12951_20260809,12951,Mumbai Central - New Delhi Rajdhani Express,Rajdhani,1,2026-08-09,MMCT,Mumbai Central,0,True,False,2026-08-09T17:00:00,2026-08-09T17:00:00,0.0,2026-08-09T17:00:00,2026-08-09T17:00:00,0.0,0.0,0.0,0.0,ORIGIN,0.3,Clear,0.0,1.6,0.0,1386.0,Historical Operational Log (NTES Aligned)
J_12951_20260809,12951,Mumbai Central - New Delhi Rajdhani Express,Rajdhani,1,2026-08-09,BRC,Vadodara Junction,1,False,False,2026-08-09T21:03:00,2026-08-09T21:03:00,0.0,2026-08-09T21:13:00,2026-08-09T21:13:00,0.0,10.0,10.0,0.0,SEC_MMCT_BRC,0.43,Clear,0.0,0.2,393.0,993.0,Historical Operational Log (NTES Aligned)
J_12951_20260809,12951,Mumbai Central - New Delhi Rajdhani Express,Rajdhani,1,2026-08-09,RTM,Ratlam Junction,2,False,False,2026-08-10T00:25:00,2026-08-10T00:25:00,0.0,2026-08-10T00:28:00,2026-08-10T00:28:00,0.0,3.0,3.0,0.0,SEC_BRC_RTM,0.35,Clear,0.0,2.1,653.0,733.0,Historical Operational Log (NTES Aligned)
J_12951_20260809,12951,Mumbai Central - New Delhi Rajdhani Express,Rajdhani,1,2026-08-09,KOTA,Kota Junction,3,False,False,2026-08-10T03:15:00,2026-08-10T03:15:00,0.0,2026-08-10T03:25:00,2026-08-10T03:25:00,0.0,10.0,10.0,0.0,SEC_RTM_KOTA,0.42,Clear,0.0,1.9,920.0,466.0,Historical Operational Log (NTES Aligned)
J_12951_20260809,12951,Mumbai Central - New Delhi Rajdhani Express,Rajdhani,1,2026-08-09,MTJ,Mathura Junction,4,False,False,2026-08-10T06:43:00,2026-08-10T06:43:12,0.2,2026-08-10T06:45:00,2026-08-10T06:45:12,0.2,2.0,2.0,0.0,SEC_KOTA_MTJ,0.41,Clear,0.0,3.7,1244.0,142.0,Historical Operational Log (NTES Aligned)
J_12951_20260809,12951,Mumbai Central - New Delhi Rajdhani Express,Rajdhani,1,2026-08-09,NDLS,New Delhi,5,False,True,2026-08-10T08:32:00,2026-08-10T08:32:00,0.0,2026-08-10T08:32:00,2026-08-10T08:32:00,0.0,0.0,0.0,0.0,SEC_MTJ_NDLS,0.37,Clear,0.0,0.9,1386.0,0.0,Historical Operational Log (NTES Aligned)
J_22436_20260809,22436,New Delhi - Varanasi Vande Bharat Express,Vande Bharat,1,2026-08-09,NDLS,New Delhi,0,True,False,2026-08-09T06:00:00,2026-08-09T06:00:00,0.0,2026-08-09T06:00:00,2026-08-09T06:00:00,0.0,0.0,0.0,0.0,ORIGIN,0.3,Clear,0.0,0.9,0.0,759.0,Historical Operational Log (NTES Aligned)
J_22436_20260809,22436,New Delhi - Varanasi Vande Bharat Express,Vande Bharat,1,2026-08-09,CNB,Kanpur Central,1,False,False,2026-08-09T10:08:00,2026-08-09T10:08:00,0.0,2026-08-09T10:10:00,2026-08-09T10:10:00,0.0,2.0,2.0,0.0,SEC_NDLS_CNB,0.25,Clear,0.0,2.7,440.0,319.0,Historical Operational Log (NTES Aligned)
J_22436_20260809,22436,New Delhi - Varanasi Vande Bharat Express,Vande Bharat,1,2026-08-09,PRYJ,Prayagraj Junction,2,False,False,2026-08-09T12:08:00,2026-08-09T12:08:00,0.0,2026-08-09T12:10:00,2026-08-09T12:10:00,0.0,2.0,2.0,0.0,SEC_CNB_PRYJ,0.44,Clear,0.0,3.0,634.0,125.0,Historical Operational Log (NTES Aligned)
J_22436_20260809,22436,New Delhi - Varanasi Vande Bharat Express,Vande Bharat,1,2026-08-09,BSB,Varanasi Junction,3,False,True,2026-08-09T14:00:00,2026-08-09T14:00:18,0.3,2026-08-09T14:00:00,2026-08-09T14:00:18,0.3,0.0,0.0,0.0,SEC_PRYJ_BSB,0.63,Clear,0.0,2.9,759.0,0.0,Historical Operational Log (NTES Aligned)
J_12004_20260809,12004,New Delhi - Lucknow Shatabdi Express,Shatabdi,1,2026-08-09,NDLS,New Delhi,0,True,False,2026-08-09T06:10:00,2026-08-09T06:13:54,3.9,2026-08-09T06:10:00,2026-08-09T06:13:54,3.9,0.0,0.0,0.0,ORIGIN,0.3,Light Rain,0.0,0.6,0.0,512.0,Historical Operational Log (NTES Aligned)
J_12004_20260809,12004,New Delhi - Lucknow Shatabdi Express,Shatabdi,1,2026-08-09,CNB,Kanpur Central,1,False,False,2026-08-09T11:20:00,2026-08-09T11:24:24,4.4,2026-08-09T11:25:00,2026-08-09T11:29:24,4.4,5.0,5.0,0.0,SEC_NDLS_CNB,0.74,Light Rain,0.0,2.1,440.0,72.0,Historical Operational Log (NTES Aligned)
J_12004_20260809,12004,New Delhi - Lucknow Shatabdi Express,Shatabdi,1,2026-08-09,LKO,Lucknow Charbagh,2,False,True,2026-08-09T12:40:00,2026-08-09T12:40:06,0.1,2026-08-09T12:40:00,2026-08-09T12:40:06,0.1,0.0,0.0,0.0,SEC_CNB_LKO,0.24,Light Rain,0.0,1.2,512.0,0.0,Historical Operational Log (NTES Aligned)
J_12301_20260810,12301,Howrah - New Delhi Rajdhani Express,Rajdhani,1,2026-08-10,HWH,Howrah Junction,0,True,False,2026-08-10T16:50:00,2026-08-10T16:58:36,8.6,2026-08-10T16:50:00,2026-08-10T16:58:36,8.6,0.0,0.0,0.0,ORIGIN,0.3,Light Rain,0.0,0.4,0.0,1451.0,Historical Operational Log (NTES Aligned)
J_12301_20260810,12301,Howrah - New Delhi Rajdhani Express,Rajdhani,1,2026-08-10,DHN,Dhanbad Junction,1,False,False,2026-08-10T19:55:00,2026-08-10T20:01:42,6.7,2026-08-10T20:00:00,2026-08-10T20:06:42,6.7,5.0,5.0,0.0,SEC_HWH_DHN,0.37,Light Rain,0.0,5.2,259.0,1192.0,Historical Operational Log (NTES Aligned)
J_12301_20260810,12301,Howrah - New Delhi Rajdhani Express,Rajdhani,1,2026-08-10,GAYA,Gaya Junction,2,False,False,2026-08-10T22:34:00,2026-08-10T22:36:12,2.2,2026-08-10T22:37:00,2026-08-10T22:39:12,2.2,3.0,3.0,0.0,SEC_DHN_GAYA,0.14,Light Rain,0.0,1.4,459.0,992.0,Historical Operational Log (NTES Aligned)
J_12301_20260810,12301,Howrah - New Delhi Rajdhani Express,Rajdhani,1,2026-08-10,DDU,Pt. Deen Dayal Upadhyaya Jn,3,False,False,2026-08-11T00:45:00,2026-08-11T00:45:00,0.0,2026-08-11T00:55:00,2026-08-11T00:55:00,0.0,10.0,10.0,0.0,SEC_GAYA_DDU,0.39,Light Rain,0.0,2.9,664.0,787.0,Historical Operational Log (NTES Aligned)
J_12301_20260810,12301,Howrah - New Delhi Rajdhani Express,Rajdhani,1,2026-08-10,PRYJ,Prayagraj Junction,4,False,False,2026-08-11T02:43:00,2026-08-11T02:43:00,0.0,2026-08-11T02:45:00,2026-08-11T02:45:00,0.0,2.0,2.0,0.0,SEC_DDU_PRYJ,0.45,Light Rain,0.0,0.4,817.0,634.0,Historical Operational Log (NTES Aligned)
J_12301_20260810,12301,Howrah - New Delhi Rajdhani Express,Rajdhani,1,2026-08-10,CNB,Kanpur Central,5,False,False,2026-08-11T04:50:00,2026-08-11T04:50:00,0.0,2026-08-11T04:55:00,2026-08-11T04:55:00,0.0,5.0,5.0,0.0,SEC_PRYJ_CNB,0.42,Light Rain,0.0,5.7,1011.0,440.0,Historical Operational Log (NTES Aligned)
J_12301_20260810,12301,Howrah - New Delhi Rajdhani Express,Rajdhani,1,2026-08-10,NDLS,New Delhi,6,False,True,2026-08-11T10:05:00,2026-08-11T10:05:00,0.0,2026-08-11T10:05:00,2026-08-11T10:05:00,0.0,0.0,0.0,0.0,SEC_CNB_NDLS,0.26,Light Rain,0.0,1.4,1451.0,0.0,Historical Operational Log (NTES Aligned)
J_12302_20260810,12302,New Delhi - Howrah Rajdhani Express,Rajdhani,1,2026-08-10,NDLS,New Delhi,0,True,False,2026-08-10T16:55:00,2026-08-10T16:55:00,0.0,2026-08-10T16:55:00,2026-08-10T16:55:00,0.0,0.0,0.0,0.0,ORIGIN,0.3,Clear,0.0,0.5,0.0,1451.0,Historical Operational Log (NTES Aligned)
J_12302_20260810,12302,New Delhi - Howrah Rajdhani Express,Rajdhani,1,2026-08-10,CNB,Kanpur Central,1,False,False,2026-08-10T21:32:00,2026-08-10T21:32:00,0.0,2026-08-10T21:37:00,2026-08-10T21:37:00,0.0,5.0,5.0,0.0,SEC_NDLS_CNB,0.34,Clear,0.0,2.4,440.0,1011.0,Historical Operational Log (NTES Aligned)
J_12302_20260810,12302,New Delhi - Howrah Rajdhani Express,Rajdhani,1,2026-08-10,PRYJ,Prayagraj Junction,2,False,False,2026-08-10T23:43:00,2026-08-10T23:43:00,0.0,2026-08-10T23:45:00,2026-08-10T23:45:00,0.0,2.0,2.0,0.0,SEC_CNB_PRYJ,0.4,Clear,0.0,2.6,634.0,817.0,Historical Operational Log (NTES Aligned)
J_12302_20260810,12302,New Delhi - Howrah Rajdhani Express,Rajdhani,1,2026-08-10,DDU,Pt. Deen Dayal Upadhyaya Jn,3,False,False,2026-08-11T01:42:00,2026-08-11T01:42:00,0.0,2026-08-11T01:52:00,2026-08-11T01:52:00,0.0,10.0,10.0,0.0,SEC_PRYJ_DDU,0.17,Clear,0.0,1.4,787.0,664.0,Historical Operational Log (NTES Aligned)
J_12302_20260810,12302,New Delhi - Howrah Rajdhani Express,Rajdhani,1,2026-08-10,GAYA,Gaya Junction,4,False,False,2026-08-11T03:55:00,2026-08-11T03:55:00,0.0,2026-08-11T03:58:00,2026-08-11T03:58:00,0.0,3.0,3.0,0.0,SEC_DDU_GAYA,0.27,Clear,0.0,0.9,992.0,459.0,Historical Operational Log (NTES Aligned)
J_12302_20260810,12302,New Delhi - Howrah Rajdhani Express,Rajdhani,1,2026-08-10,DHN,Dhanbad Junction,5,False,False,2026-08-11T06:33:00,2026-08-11T06:33:00,0.0,2026-08-11T06:38:00,2026-08-11T06:38:00,0.0,5.0,5.0,0.0,SEC_GAYA_DHN,0.1,Clear,0.0,1.7,1192.0,259.0,Historical Operational Log (NTES Aligned)
J_12302_20260810,12302,New Delhi - Howrah Rajdhani Express,Rajdhani,1,2026-08-10,HWH,Howrah Junction,6,False,True,2026-08-11T09:55:00,2026-08-11T09:55:00,0.0,2026-08-11T09:55:00,2026-08-11T09:55:00,0.0,0.0,0.0,0.0,SEC_DHN_HWH,0.17,Clear,0.0,1.5,1451.0,0.0,Historical Operational Log (NTES Aligned)
J_12951_20260810,12951,Mumbai Central - New Delhi Rajdhani Express,Rajdhani,1,2026-08-10,MMCT,Mumbai Central,0,True,False,2026-08-10T17:00:00,2026-08-10T17:00:00,0.0,2026-08-10T17:00:00,2026-08-10T17:00:00,0.0,0.0,0.0,0.0,ORIGIN,0.3,Clear,0.0,0.0,0.0,1386.0,Historical Operational Log (NTES Aligned)
J_12951_20260810,12951,Mumbai Central - New Delhi Rajdhani Express,Rajdhani,1,2026-08-10,BRC,Vadodara Junction,1,False,False,2026-08-10T21:03:00,2026-08-10T21:03:00,0.0,2026-08-10T21:13:00,2026-08-10T21:13:00,0.0,10.0,10.0,0.0,SEC_MMCT_BRC,0.49,Clear,0.0,2.0,393.0,993.0,Historical Operational Log (NTES Aligned)
J_12951_20260810,12951,Mumbai Central - New Delhi Rajdhani Express,Rajdhani,1,2026-08-10,RTM,Ratlam Junction,2,False,False,2026-08-11T00:25:00,2026-08-11T00:25:00,0.0,2026-08-11T00:28:00,2026-08-11T00:28:00,0.0,3.0,3.0,0.0,SEC_BRC_RTM,0.1,Clear,0.0,1.9,653.0,733.0,Historical Operational Log (NTES Aligned)
J_12951_20260810,12951,Mumbai Central - New Delhi Rajdhani Express,Rajdhani,1,2026-08-10,KOTA,Kota Junction,3,False,False,2026-08-11T03:15:00,2026-08-11T03:15:00,0.0,2026-08-11T03:25:00,2026-08-11T03:25:00,0.0,10.0,10.0,0.0,SEC_RTM_KOTA,0.55,Clear,0.0,0.0,920.0,466.0,Historical Operational Log (NTES Aligned)
J_12951_20260810,12951,Mumbai Central - New Delhi Rajdhani Express,Rajdhani,1,2026-08-10,MTJ,Mathura Junction,4,False,False,2026-08-11T06:43:00,2026-08-11T06:43:00,0.0,2026-08-11T06:45:00,2026-08-11T06:45:00,0.0,2.0,2.0,0.0,SEC_KOTA_MTJ,0.29,Clear,0.0,0.3,1244.0,142.0,Historical Operational Log (NTES Aligned)
J_12951_20260810,12951,Mumbai Central - New Delhi Rajdhani Express,Rajdhani,1,2026-08-10,NDLS,New Delhi,5,False,True,2026-08-11T08:32:00,2026-08-11T08:32:00,0.0,2026-08-11T08:32:00,2026-08-11T08:32:00,0.0,0.0,0.0,0.0,SEC_MTJ_NDLS,0.1,Clear,0.0,3.4,1386.0,0.0,Historical Operational Log (NTES Aligned)
J_22436_20260810,22436,New Delhi - Varanasi Vande Bharat Express,Vande Bharat,1,2026-08-10,NDLS,New Delhi,0,True,False,2026-08-10T06:00:00,2026-08-10T06:12:24,12.4,2026-08-10T06:00:00,2026-08-10T06:12:24,12.4,0.0,0.0,0.0,ORIGIN,0.3,Clear,0.0,2.4,0.0,759.0,Historical Operational Log (NTES Aligned)
J_22436_20260810,22436,New Delhi - Varanasi Vande Bharat Express,Vande Bharat,1,2026-08-10,CNB,Kanpur Central,1,False,False,2026-08-10T10:08:00,2026-08-10T10:14:06,6.1,2026-08-10T10:10:00,2026-08-10T10:16:06,6.1,2.0,2.0,0.0,SEC_NDLS_CNB,0.16,Clear,0.0,4.6,440.0,319.0,Historical Operational Log (NTES Aligned)
J_22436_20260810,22436,New Delhi - Varanasi Vande Bharat Express,Vande Bharat,1,2026-08-10,PRYJ,Prayagraj Junction,2,False,False,2026-08-10T12:08:00,2026-08-10T12:08:00,0.0,2026-08-10T12:10:00,2026-08-10T12:10:00,0.0,2.0,2.0,0.0,SEC_CNB_PRYJ,0.22,Clear,0.0,3.9,634.0,125.0,Historical Operational Log (NTES Aligned)
J_22436_20260810,22436,New Delhi - Varanasi Vande Bharat Express,Vande Bharat,1,2026-08-10,BSB,Varanasi Junction,3,False,True,2026-08-10T14:00:00,2026-08-10T14:00:00,0.0,2026-08-10T14:00:00,2026-08-10T14:00:00,0.0,0.0,0.0,0.0,SEC_PRYJ_BSB,0.23,Clear,0.0,1.3,759.0,0.0,Historical Operational Log (NTES Aligned)
J_12004_20260810,12004,New Delhi - Lucknow Shatabdi Express,Shatabdi,1,2026-08-10,NDLS,New Delhi,0,True,False,2026-08-10T06:10:00,2026-08-10T06:10:00,0.0,2026-08-10T06:10:00,2026-08-10T06:10:00,0.0,0.0,0.0,0.0,ORIGIN,0.3,Clear,0.0,0.8,0.0,512.0,Historical Operational Log (NTES Aligned)
J_12004_20260810,12004,New Delhi - Lucknow Shatabdi Express,Shatabdi,1,2026-08-10,CNB,Kanpur Central,1,False,False,2026-08-10T11:20:00,2026-08-10T11:20:00,0.0,2026-08-10T11:25:00,2026-08-10T11:25:00,0.0,5.0,5.0,0.0,SEC_NDLS_CNB,0.3,Clear,0.0,0.1,440.0,72.0,Historical Operational Log (NTES Aligned)
J_12004_20260810,12004,New Delhi - Lucknow Shatabdi Express,Shatabdi,1,2026-08-10,LKO,Lucknow Charbagh,2,False,True,2026-08-10T12:40:00,2026-08-10T12:40:00,0.0,2026-08-10T12:40:00,2026-08-10T12:40:00,0.0,0.0,0.0,0.0,SEC_CNB_LKO,0.12,Clear,0.0,1.1,512.0,0.0,Historical Operational Log (NTES Aligned)
J_12301_20260811,12301,Howrah - New Delhi Rajdhani Express,Rajdhani,1,2026-08-11,HWH,Howrah Junction,0,True,False,2026-08-11T16:50:00,2026-08-11T16:55:24,5.4,2026-08-11T16:50:00,2026-08-11T16:55:24,5.4,0.0,0.0,0.0,ORIGIN,0.3,Light Rain,0.0,4.2,0.0,1451.0,Historical Operational Log (NTES Aligned)
J_12301_20260811,12301,Howrah - New Delhi Rajdhani Express,Rajdhani,1,2026-08-11,DHN,Dhanbad Junction,1,False,False,2026-08-11T19:55:00,2026-08-11T20:03:00,8.0,2026-08-11T20:00:00,2026-08-11T20:08:00,8.0,5.0,5.0,0.0,SEC_HWH_DHN,0.56,Light Rain,0.0,2.8,259.0,1192.0,Historical Operational Log (NTES Aligned)
J_12301_20260811,12301,Howrah - New Delhi Rajdhani Express,Rajdhani,1,2026-08-11,GAYA,Gaya Junction,2,False,False,2026-08-11T22:34:00,2026-08-11T22:34:00,0.0,2026-08-11T22:37:00,2026-08-11T22:37:00,0.0,3.0,3.0,0.0,SEC_DHN_GAYA,0.41,Light Rain,0.0,2.9,459.0,992.0,Historical Operational Log (NTES Aligned)
J_12301_20260811,12301,Howrah - New Delhi Rajdhani Express,Rajdhani,1,2026-08-11,DDU,Pt. Deen Dayal Upadhyaya Jn,3,False,False,2026-08-12T00:45:00,2026-08-12T00:45:00,0.0,2026-08-12T00:55:00,2026-08-12T00:55:00,0.0,10.0,10.0,0.0,SEC_GAYA_DDU,0.37,Light Rain,0.0,0.0,664.0,787.0,Historical Operational Log (NTES Aligned)
J_12301_20260811,12301,Howrah - New Delhi Rajdhani Express,Rajdhani,1,2026-08-11,PRYJ,Prayagraj Junction,4,False,False,2026-08-12T02:43:00,2026-08-12T02:43:00,0.0,2026-08-12T02:45:00,2026-08-12T02:45:00,0.0,2.0,2.0,0.0,SEC_DDU_PRYJ,0.51,Light Rain,0.0,3.8,817.0,634.0,Historical Operational Log (NTES Aligned)
J_12301_20260811,12301,Howrah - New Delhi Rajdhani Express,Rajdhani,1,2026-08-11,CNB,Kanpur Central,5,False,False,2026-08-12T04:50:00,2026-08-12T04:50:00,0.0,2026-08-12T04:55:00,2026-08-12T04:55:00,0.0,5.0,5.0,0.0,SEC_PRYJ_CNB,0.23,Light Rain,0.0,2.5,1011.0,440.0,Historical Operational Log (NTES Aligned)
J_12301_20260811,12301,Howrah - New Delhi Rajdhani Express,Rajdhani,1,2026-08-11,NDLS,New Delhi,6,False,True,2026-08-12T10:05:00,2026-08-12T10:05:00,0.0,2026-08-12T10:05:00,2026-08-12T10:05:00,0.0,0.0,0.0,0.0,SEC_CNB_NDLS,0.28,Light Rain,0.0,2.0,1451.0,0.0,Historical Operational Log (NTES Aligned)
J_12302_20260811,12302,New Delhi - Howrah Rajdhani Express,Rajdhani,1,2026-08-11,NDLS,New Delhi,0,True,False,2026-08-11T16:55:00,2026-08-11T16:55:00,0.0,2026-08-11T16:55:00,2026-08-11T16:55:00,0.0,0.0,0.0,0.0,ORIGIN,0.3,Light Rain,0.0,5.5,0.0,1451.0,Historical Operational Log (NTES Aligned)
J_12302_20260811,12302,New Delhi - Howrah Rajdhani Express,Rajdhani,1,2026-08-11,CNB,Kanpur Central,1,False,False,2026-08-11T21:32:00,2026-08-11T21:32:00,0.0,2026-08-11T21:37:00,2026-08-11T21:37:00,0.0,5.0,5.0,0.0,SEC_NDLS_CNB,0.44,Light Rain,0.0,2.5,440.0,1011.0,Historical Operational Log (NTES Aligned)
J_12302_20260811,12302,New Delhi - Howrah Rajdhani Express,Rajdhani,1,2026-08-11,PRYJ,Prayagraj Junction,2,False,False,2026-08-11T23:43:00,2026-08-11T23:43:00,0.0,2026-08-11T23:45:00,2026-08-11T23:45:00,0.0,2.0,2.0,0.0,SEC_CNB_PRYJ,0.5,Light Rain,0.0,3.2,634.0,817.0,Historical Operational Log (NTES Aligned)
J_12302_20260811,12302,New Delhi - Howrah Rajdhani Express,Rajdhani,1,2026-08-11,DDU,Pt. Deen Dayal Upadhyaya Jn,3,False,False,2026-08-12T01:42:00,2026-08-12T01:42:00,0.0,2026-08-12T01:52:00,2026-08-12T01:52:00,0.0,10.0,10.0,0.0,SEC_PRYJ_DDU,0.18,Light Rain,0.0,2.4,787.0,664.0,Historical Operational Log (NTES Aligned)
J_12302_20260811,12302,New Delhi - Howrah Rajdhani Express,Rajdhani,1,2026-08-11,GAYA,Gaya Junction,4,False,False,2026-08-12T03:55:00,2026-08-12T03:55:00,0.0,2026-08-12T03:58:00,2026-08-12T03:58:00,0.0,3.0,3.0,0.0,SEC_DDU_GAYA,0.18,Light Rain,0.0,2.4,992.0,459.0,Historical Operational Log (NTES Aligned)
J_12302_20260811,12302,New Delhi - Howrah Rajdhani Express,Rajdhani,1,2026-08-11,DHN,Dhanbad Junction,5,False,False,2026-08-12T06:33:00,2026-08-12T06:36:18,3.3,2026-08-12T06:38:00,2026-08-12T06:41:18,3.3,5.0,5.0,0.0,SEC_GAYA_DHN,0.69,Light Rain,0.0,0.3,1192.0,259.0,Historical Operational Log (NTES Aligned)
J_12302_20260811,12302,New Delhi - Howrah Rajdhani Express,Rajdhani,1,2026-08-11,HWH,Howrah Junction,6,False,True,2026-08-12T09:55:00,2026-08-12T09:55:00,0.0,2026-08-12T09:55:00,2026-08-12T09:55:00,0.0,0.0,0.0,0.0,SEC_DHN_HWH,0.32,Light Rain,0.0,0.0,1451.0,0.0,Historical Operational Log (NTES Aligned)
J_12951_20260811,12951,Mumbai Central - New Delhi Rajdhani Express,Rajdhani,1,2026-08-11,MMCT,Mumbai Central,0,True,False,2026-08-11T17:00:00,2026-08-11T17:07:12,7.2,2026-08-11T17:00:00,2026-08-11T17:07:12,7.2,0.0,0.0,0.0,ORIGIN,0.3,Clear,0.0,3.4,0.0,1386.0,Historical Operational Log (NTES Aligned)
J_12951_20260811,12951,Mumbai Central - New Delhi Rajdhani Express,Rajdhani,1,2026-08-11,BRC,Vadodara Junction,1,False,False,2026-08-11T21:03:00,2026-08-11T21:13:48,10.8,2026-08-11T21:13:00,2026-08-11T21:23:48,10.8,10.0,10.0,0.0,SEC_MMCT_BRC,0.6,Clear,0.4,2.3,393.0,993.0,Historical Operational Log (NTES Aligned)
J_12951_20260811,12951,Mumbai Central - New Delhi Rajdhani Express,Rajdhani,1,2026-08-11,RTM,Ratlam Junction,2,False,False,2026-08-12T00:25:00,2026-08-12T00:30:06,5.1,2026-08-12T00:28:00,2026-08-12T00:33:06,5.1,3.0,3.0,0.0,SEC_BRC_RTM,0.18,Clear,0.0,4.8,653.0,733.0,Historical Operational Log (NTES Aligned)
J_12951_20260811,12951,Mumbai Central - New Delhi Rajdhani Express,Rajdhani,1,2026-08-11,KOTA,Kota Junction,3,False,False,2026-08-12T03:15:00,2026-08-12T03:19:24,4.4,2026-08-12T03:25:00,2026-08-12T03:29:24,4.4,10.0,10.0,0.0,SEC_RTM_KOTA,0.43,Clear,0.0,2.0,920.0,466.0,Historical Operational Log (NTES Aligned)
J_12951_20260811,12951,Mumbai Central - New Delhi Rajdhani Express,Rajdhani,1,2026-08-11,MTJ,Mathura Junction,4,False,False,2026-08-12T06:43:00,2026-08-12T06:44:12,1.2,2026-08-12T06:45:00,2026-08-12T06:46:12,1.2,2.0,2.0,0.0,SEC_KOTA_MTJ,0.48,Clear,0.0,3.4,1244.0,142.0,Historical Operational Log (NTES Aligned)
J_12951_20260811,12951,Mumbai Central - New Delhi Rajdhani Express,Rajdhani,1,2026-08-11,NDLS,New Delhi,5,False,True,2026-08-12T08:32:00,2026-08-12T08:32:00,0.0,2026-08-12T08:32:00,2026-08-12T08:32:00,0.0,0.0,0.0,0.0,SEC_MTJ_NDLS,0.51,Clear,0.0,0.7,1386.0,0.0,Historical Operational Log (NTES Aligned)
J_22436_20260811,22436,New Delhi - Varanasi Vande Bharat Express,Vande Bharat,1,2026-08-11,NDLS,New Delhi,0,True,False,2026-08-11T06:00:00,2026-08-11T06:00:00,0.0,2026-08-11T06:00:00,2026-08-11T06:00:00,0.0,0.0,0.0,0.0,ORIGIN,0.3,Clear,0.0,1.8,0.0,759.0,Historical Operational Log (NTES Aligned)
J_22436_20260811,22436,New Delhi - Varanasi Vande Bharat Express,Vande Bharat,1,2026-08-11,CNB,Kanpur Central,1,False,False,2026-08-11T10:08:00,2026-08-11T10:08:00,0.0,2026-08-11T10:10:00,2026-08-11T10:10:00,0.0,2.0,2.0,0.0,SEC_NDLS_CNB,0.24,Clear,0.0,2.4,440.0,319.0,Historical Operational Log (NTES Aligned)
J_22436_20260811,22436,New Delhi - Varanasi Vande Bharat Express,Vande Bharat,1,2026-08-11,PRYJ,Prayagraj Junction,2,False,False,2026-08-11T12:08:00,2026-08-11T12:08:00,0.0,2026-08-11T12:10:00,2026-08-11T12:10:00,0.0,2.0,2.0,0.0,SEC_CNB_PRYJ,0.47,Clear,0.0,2.5,634.0,125.0,Historical Operational Log (NTES Aligned)
J_22436_20260811,22436,New Delhi - Varanasi Vande Bharat Express,Vande Bharat,1,2026-08-11,BSB,Varanasi Junction,3,False,True,2026-08-11T14:00:00,2026-08-11T14:00:00,0.0,2026-08-11T14:00:00,2026-08-11T14:00:00,0.0,0.0,0.0,0.0,SEC_PRYJ_BSB,0.14,Clear,0.0,3.2,759.0,0.0,Historical Operational Log (NTES Aligned)
J_12004_20260811,12004,New Delhi - Lucknow Shatabdi Express,Shatabdi,1,2026-08-11,NDLS,New Delhi,0,True,False,2026-08-11T06:10:00,2026-08-11T06:18:12,8.2,2026-08-11T06:10:00,2026-08-11T06:18:12,8.2,0.0,0.0,0.0,ORIGIN,0.3,Clear,0.0,1.8,0.0,512.0,Historical Operational Log (NTES Aligned)
J_12004_20260811,12004,New Delhi - Lucknow Shatabdi Express,Shatabdi,1,2026-08-11,CNB,Kanpur Central,1,False,False,2026-08-11T11:20:00,2026-08-11T11:25:18,5.3,2026-08-11T11:25:00,2026-08-11T11:30:18,5.3,5.0,5.0,0.0,SEC_NDLS_CNB,0.44,Clear,0.0,4.1,440.0,72.0,Historical Operational Log (NTES Aligned)
J_12004_20260811,12004,New Delhi - Lucknow Shatabdi Express,Shatabdi,1,2026-08-11,LKO,Lucknow Charbagh,2,False,True,2026-08-11T12:40:00,2026-08-11T12:40:00,0.0,2026-08-11T12:40:00,2026-08-11T12:40:00,0.0,0.0,0.0,0.0,SEC_CNB_LKO,0.12,Clear,0.0,1.8,512.0,0.0,Historical Operational Log (NTES Aligned)
J_12301_20260812,12301,Howrah - New Delhi Rajdhani Express,Rajdhani,1,2026-08-12,HWH,Howrah Junction,0,True,False,2026-08-12T16:50:00,2026-08-12T16:50:00,0.0,2026-08-12T16:50:00,2026-08-12T16:50:00,0.0,0.0,0.0,0.0,ORIGIN,0.3,Clear,0.0,2.7,0.0,1451.0,Historical Operational Log (NTES Aligned)
J_12301_20260812,12301,Howrah - New Delhi Rajdhani Express,Rajdhani,1,2026-08-12,DHN,Dhanbad Junction,1,False,False,2026-08-12T19:55:00,2026-08-12T19:55:00,0.0,2026-08-12T20:00:00,2026-08-12T20:00:00,0.0,5.0,5.0,0.0,SEC_HWH_DHN,0.39,Clear,0.0,0.7,259.0,1192.0,Historical Operational Log (NTES Aligned)
J_12301_20260812,12301,Howrah - New Delhi Rajdhani Express,Rajdhani,1,2026-08-12,GAYA,Gaya Junction,2,False,False,2026-08-12T22:34:00,2026-08-12T22:34:00,0.0,2026-08-12T22:37:00,2026-08-12T22:37:00,0.0,3.0,3.0,0.0,SEC_DHN_GAYA,0.34,Clear,0.0,4.4,459.0,992.0,Historical Operational Log (NTES Aligned)
J_12301_20260812,12301,Howrah - New Delhi Rajdhani Express,Rajdhani,1,2026-08-12,DDU,Pt. Deen Dayal Upadhyaya Jn,3,False,False,2026-08-13T00:45:00,2026-08-13T00:45:00,0.0,2026-08-13T00:55:00,2026-08-13T00:55:00,0.0,10.0,10.0,0.0,SEC_GAYA_DDU,0.19,Clear,0.0,0.3,664.0,787.0,Historical Operational Log (NTES Aligned)
J_12301_20260812,12301,Howrah - New Delhi Rajdhani Express,Rajdhani,1,2026-08-12,PRYJ,Prayagraj Junction,4,False,False,2026-08-13T02:43:00,2026-08-13T02:43:00,0.0,2026-08-13T02:45:00,2026-08-13T02:45:00,0.0,2.0,2.0,0.0,SEC_DDU_PRYJ,0.1,Clear,0.0,2.1,817.0,634.0,Historical Operational Log (NTES Aligned)
J_12301_20260812,12301,Howrah - New Delhi Rajdhani Express,Rajdhani,1,2026-08-12,CNB,Kanpur Central,5,False,False,2026-08-13T04:50:00,2026-08-13T04:50:00,0.0,2026-08-13T04:55:00,2026-08-13T04:55:00,0.0,5.0,5.0,0.0,SEC_PRYJ_CNB,0.36,Clear,0.0,0.6,1011.0,440.0,Historical Operational Log (NTES Aligned)
J_12301_20260812,12301,Howrah - New Delhi Rajdhani Express,Rajdhani,1,2026-08-12,NDLS,New Delhi,6,False,True,2026-08-13T10:05:00,2026-08-13T10:05:00,0.0,2026-08-13T10:05:00,2026-08-13T10:05:00,0.0,0.0,0.0,0.0,SEC_CNB_NDLS,0.1,Clear,0.0,2.5,1451.0,0.0,Historical Operational Log (NTES Aligned)
J_12302_20260812,12302,New Delhi - Howrah Rajdhani Express,Rajdhani,1,2026-08-12,NDLS,New Delhi,0,True,False,2026-08-12T16:55:00,2026-08-12T16:55:00,0.0,2026-08-12T16:55:00,2026-08-12T16:55:00,0.0,0.0,0.0,0.0,ORIGIN,0.3,Clear,0.0,1.4,0.0,1451.0,Historical Operational Log (NTES Aligned)
J_12302_20260812,12302,New Delhi - Howrah Rajdhani Express,Rajdhani,1,2026-08-12,CNB,Kanpur Central,1,False,False,2026-08-12T21:32:00,2026-08-12T21:32:00,0.0,2026-08-12T21:37:00,2026-08-12T21:37:00,0.0,5.0,5.0,0.0,SEC_NDLS_CNB,0.17,Clear,0.0,1.6,440.0,1011.0,Historical Operational Log (NTES Aligned)
J_12302_20260812,12302,New Delhi - Howrah Rajdhani Express,Rajdhani,1,2026-08-12,PRYJ,Prayagraj Junction,2,False,False,2026-08-12T23:43:00,2026-08-12T23:43:00,0.0,2026-08-12T23:45:00,2026-08-12T23:45:00,0.0,2.0,2.0,0.0,SEC_CNB_PRYJ,0.38,Clear,0.0,0.1,634.0,817.0,Historical Operational Log (NTES Aligned)
J_12302_20260812,12302,New Delhi - Howrah Rajdhani Express,Rajdhani,1,2026-08-12,DDU,Pt. Deen Dayal Upadhyaya Jn,3,False,False,2026-08-13T01:42:00,2026-08-13T01:42:00,0.0,2026-08-13T01:52:00,2026-08-13T01:52:00,0.0,10.0,10.0,0.0,SEC_PRYJ_DDU,0.22,Clear,0.0,4.7,787.0,664.0,Historical Operational Log (NTES Aligned)
J_12302_20260812,12302,New Delhi - Howrah Rajdhani Express,Rajdhani,1,2026-08-12,GAYA,Gaya Junction,4,False,False,2026-08-13T03:55:00,2026-08-13T03:55:00,0.0,2026-08-13T03:58:00,2026-08-13T03:58:00,0.0,3.0,3.0,0.0,SEC_DDU_GAYA,0.12,Clear,0.0,1.0,992.0,459.0,Historical Operational Log (NTES Aligned)
J_12302_20260812,12302,New Delhi - Howrah Rajdhani Express,Rajdhani,1,2026-08-12,DHN,Dhanbad Junction,5,False,False,2026-08-13T06:33:00,2026-08-13T06:33:00,0.0,2026-08-13T06:38:00,2026-08-13T06:38:00,0.0,5.0,5.0,0.0,SEC_GAYA_DHN,0.32,Clear,0.0,3.7,1192.0,259.0,Historical Operational Log (NTES Aligned)
J_12302_20260812,12302,New Delhi - Howrah Rajdhani Express,Rajdhani,1,2026-08-12,HWH,Howrah Junction,6,False,True,2026-08-13T09:55:00,2026-08-13T09:55:00,0.0,2026-08-13T09:55:00,2026-08-13T09:55:00,0.0,0.0,0.0,0.0,SEC_DHN_HWH,0.14,Clear,0.0,1.5,1451.0,0.0,Historical Operational Log (NTES Aligned)
J_12951_20260812,12951,Mumbai Central - New Delhi Rajdhani Express,Rajdhani,1,2026-08-12,MMCT,Mumbai Central,0,True,False,2026-08-12T17:00:00,2026-08-12T17:10:06,10.1,2026-08-12T17:00:00,2026-08-12T17:10:06,10.1,0.0,0.0,0.0,ORIGIN,0.3,Dense Fog,0.0,1.9,0.0,1386.0,Historical Operational Log (NTES Aligned)
J_12951_20260812,12951,Mumbai Central - New Delhi Rajdhani Express,Rajdhani,1,2026-08-12,BRC,Vadodara Junction,1,False,False,2026-08-12T21:03:00,2026-08-12T21:17:48,14.8,2026-08-12T21:13:00,2026-08-12T21:27:48,14.8,10.0,10.0,0.0,SEC_MMCT_BRC,0.27,Dense Fog,0.0,3.6,393.0,993.0,Historical Operational Log (NTES Aligned)
J_12951_20260812,12951,Mumbai Central - New Delhi Rajdhani Express,Rajdhani,1,2026-08-12,RTM,Ratlam Junction,2,False,False,2026-08-13T00:25:00,2026-08-13T00:34:24,9.4,2026-08-13T00:28:00,2026-08-13T00:37:24,9.4,3.0,3.0,0.0,SEC_BRC_RTM,0.53,Dense Fog,0.0,2.5,653.0,733.0,Historical Operational Log (NTES Aligned)
J_12951_20260812,12951,Mumbai Central - New Delhi Rajdhani Express,Rajdhani,1,2026-08-12,KOTA,Kota Junction,3,False,False,2026-08-13T03:15:00,2026-08-13T03:31:48,16.8,2026-08-13T03:25:00,2026-08-13T03:43:18,18.3,10.0,11.5,1.5,SEC_RTM_KOTA,0.84,Dense Fog,2.5,0.7,920.0,466.0,Historical Operational Log (NTES Aligned)
J_12951_20260812,12951,Mumbai Central - New Delhi Rajdhani Express,Rajdhani,1,2026-08-12,MTJ,Mathura Junction,4,False,False,2026-08-13T06:43:00,2026-08-13T06:52:36,9.6,2026-08-13T06:45:00,2026-08-13T06:54:36,9.6,2.0,2.0,0.0,SEC_KOTA_MTJ,0.19,Dense Fog,0.0,1.4,1244.0,142.0,Historical Operational Log (NTES Aligned)
J_12951_20260812,12951,Mumbai Central - New Delhi Rajdhani Express,Rajdhani,1,2026-08-12,NDLS,New Delhi,5,False,True,2026-08-13T08:32:00,2026-08-13T08:35:24,3.4,2026-08-13T08:32:00,2026-08-13T08:35:24,3.4,0.0,0.0,0.0,SEC_MTJ_NDLS,0.18,Dense Fog,0.0,4.1,1386.0,0.0,Historical Operational Log (NTES Aligned)
J_22436_20260812,22436,New Delhi - Varanasi Vande Bharat Express,Vande Bharat,1,2026-08-12,NDLS,New Delhi,0,True,False,2026-08-12T06:00:00,2026-08-12T06:07:42,7.7,2026-08-12T06:00:00,2026-08-12T06:07:42,7.7,0.0,0.0,0.0,ORIGIN,0.3,Clear,0.0,1.9,0.0,759.0,Historical Operational Log (NTES Aligned)
J_22436_20260812,22436,New Delhi - Varanasi Vande Bharat Express,Vande Bharat,1,2026-08-12,CNB,Kanpur Central,1,False,False,2026-08-12T10:08:00,2026-08-12T10:11:42,3.7,2026-08-12T10:10:00,2026-08-12T10:13:42,3.7,2.0,2.0,0.0,SEC_NDLS_CNB,0.1,Clear,0.0,5.9,440.0,319.0,Historical Operational Log (NTES Aligned)
J_22436_20260812,22436,New Delhi - Varanasi Vande Bharat Express,Vande Bharat,1,2026-08-12,PRYJ,Prayagraj Junction,2,False,False,2026-08-12T12:08:00,2026-08-12T12:08:30,0.5,2026-08-12T12:10:00,2026-08-12T12:10:30,0.5,2.0,2.0,0.0,SEC_CNB_PRYJ,0.32,Clear,0.0,1.6,634.0,125.0,Historical Operational Log (NTES Aligned)
J_22436_20260812,22436,New Delhi - Varanasi Vande Bharat Express,Vande Bharat,1,2026-08-12,BSB,Varanasi Junction,3,False,True,2026-08-12T14:00:00,2026-08-12T14:00:00,0.0,2026-08-12T14:00:00,2026-08-12T14:00:00,0.0,0.0,0.0,0.0,SEC_PRYJ_BSB,0.19,Clear,0.0,1.8,759.0,0.0,Historical Operational Log (NTES Aligned)
J_12004_20260812,12004,New Delhi - Lucknow Shatabdi Express,Shatabdi,1,2026-08-12,NDLS,New Delhi,0,True,False,2026-08-12T06:10:00,2026-08-12T06:14:06,4.1,2026-08-12T06:10:00,2026-08-12T06:14:06,4.1,0.0,0.0,0.0,ORIGIN,0.3,Light Rain,0.0,0.0,0.0,512.0,Historical Operational Log (NTES Aligned)
J_12004_20260812,12004,New Delhi - Lucknow Shatabdi Express,Shatabdi,1,2026-08-12,CNB,Kanpur Central,1,False,False,2026-08-12T11:20:00,2026-08-12T11:20:00,0.0,2026-08-12T11:25:00,2026-08-12T11:25:00,0.0,5.0,5.0,0.0,SEC_NDLS_CNB,0.19,Light Rain,0.0,1.4,440.0,72.0,Historical Operational Log (NTES Aligned)
J_12004_20260812,12004,New Delhi - Lucknow Shatabdi Express,Shatabdi,1,2026-08-12,LKO,Lucknow Charbagh,2,False,True,2026-08-12T12:40:00,2026-08-12T12:40:00,0.0,2026-08-12T12:40:00,2026-08-12T12:40:00,0.0,0.0,0.0,0.0,SEC_CNB_LKO,0.35,Light Rain,0.0,4.3,512.0,0.0,Historical Operational Log (NTES Aligned)
J_12301_20260813,12301,Howrah - New Delhi Rajdhani Express,Rajdhani,1,2026-08-13,HWH,Howrah Junction,0,True,False,2026-08-13T16:50:00,2026-08-13T16:50:00,0.0,2026-08-13T16:50:00,2026-08-13T16:50:00,0.0,0.0,0.0,0.0,ORIGIN,0.3,Light Rain,0.0,2.6,0.0,1451.0,Historical Operational Log (NTES Aligned)
J_12301_20260813,12301,Howrah - New Delhi Rajdhani Express,Rajdhani,1,2026-08-13,DHN,Dhanbad Junction,1,False,False,2026-08-13T19:55:00,2026-08-13T19:55:00,0.0,2026-08-13T20:00:00,2026-08-13T20:00:00,0.0,5.0,5.0,0.0,SEC_HWH_DHN,0.27,Light Rain,0.0,1.3,259.0,1192.0,Historical Operational Log (NTES Aligned)
J_12301_20260813,12301,Howrah - New Delhi Rajdhani Express,Rajdhani,1,2026-08-13,GAYA,Gaya Junction,2,False,False,2026-08-13T22:34:00,2026-08-13T22:34:00,0.0,2026-08-13T22:37:00,2026-08-13T22:37:00,0.0,3.0,3.0,0.0,SEC_DHN_GAYA,0.4,Light Rain,0.0,3.3,459.0,992.0,Historical Operational Log (NTES Aligned)
J_12301_20260813,12301,Howrah - New Delhi Rajdhani Express,Rajdhani,1,2026-08-13,DDU,Pt. Deen Dayal Upadhyaya Jn,3,False,False,2026-08-14T00:45:00,2026-08-14T00:45:00,0.0,2026-08-14T00:55:00,2026-08-14T00:55:00,0.0,10.0,10.0,0.0,SEC_GAYA_DDU,0.27,Light Rain,0.0,2.8,664.0,787.0,Historical Operational Log (NTES Aligned)
J_12301_20260813,12301,Howrah - New Delhi Rajdhani Express,Rajdhani,1,2026-08-13,PRYJ,Prayagraj Junction,4,False,False,2026-08-14T02:43:00,2026-08-14T02:43:00,0.0,2026-08-14T02:45:00,2026-08-14T02:45:00,0.0,2.0,2.0,0.0,SEC_DDU_PRYJ,0.28,Light Rain,0.0,2.6,817.0,634.0,Historical Operational Log (NTES Aligned)
J_12301_20260813,12301,Howrah - New Delhi Rajdhani Express,Rajdhani,1,2026-08-13,CNB,Kanpur Central,5,False,False,2026-08-14T04:50:00,2026-08-14T04:50:00,0.0,2026-08-14T04:55:00,2026-08-14T04:55:00,0.0,5.0,5.0,0.0,SEC_PRYJ_CNB,0.39,Light Rain,0.0,3.7,1011.0,440.0,Historical Operational Log (NTES Aligned)
J_12301_20260813,12301,Howrah - New Delhi Rajdhani Express,Rajdhani,1,2026-08-13,NDLS,New Delhi,6,False,True,2026-08-14T10:05:00,2026-08-14T10:05:00,0.0,2026-08-14T10:05:00,2026-08-14T10:05:00,0.0,0.0,0.0,0.0,SEC_CNB_NDLS,0.27,Light Rain,0.0,1.2,1451.0,0.0,Historical Operational Log (NTES Aligned)
J_12302_20260813,12302,New Delhi - Howrah Rajdhani Express,Rajdhani,1,2026-08-13,NDLS,New Delhi,0,True,False,2026-08-13T16:55:00,2026-08-13T16:59:06,4.1,2026-08-13T16:55:00,2026-08-13T16:59:06,4.1,0.0,0.0,0.0,ORIGIN,0.3,Heavy Rain,0.0,3.1,0.0,1451.0,Historical Operational Log (NTES Aligned)
J_12302_20260813,12302,New Delhi - Howrah Rajdhani Express,Rajdhani,1,2026-08-13,CNB,Kanpur Central,1,False,False,2026-08-13T21:32:00,2026-08-13T21:32:00,0.0,2026-08-13T21:37:00,2026-08-13T21:37:00,0.0,5.0,5.0,0.0,SEC_NDLS_CNB,0.26,Heavy Rain,0.0,0.6,440.0,1011.0,Historical Operational Log (NTES Aligned)
J_12302_20260813,12302,New Delhi - Howrah Rajdhani Express,Rajdhani,1,2026-08-13,PRYJ,Prayagraj Junction,2,False,False,2026-08-13T23:43:00,2026-08-13T23:43:00,0.0,2026-08-13T23:45:00,2026-08-13T23:45:00,0.0,2.0,2.0,0.0,SEC_CNB_PRYJ,0.5,Heavy Rain,0.0,2.6,634.0,817.0,Historical Operational Log (NTES Aligned)
J_12302_20260813,12302,New Delhi - Howrah Rajdhani Express,Rajdhani,1,2026-08-13,DDU,Pt. Deen Dayal Upadhyaya Jn,3,False,False,2026-08-14T01:42:00,2026-08-14T01:46:24,4.4,2026-08-14T01:52:00,2026-08-14T01:56:24,4.4,10.0,10.0,0.0,SEC_PRYJ_DDU,0.95,Heavy Rain,0.0,0.4,787.0,664.0,Historical Operational Log (NTES Aligned)
J_12302_20260813,12302,New Delhi - Howrah Rajdhani Express,Rajdhani,1,2026-08-13,GAYA,Gaya Junction,4,False,False,2026-08-14T03:55:00,2026-08-14T03:55:24,0.4,2026-08-14T03:58:00,2026-08-14T03:58:24,0.4,3.0,3.0,0.0,SEC_DDU_GAYA,0.36,Heavy Rain,0.0,1.7,992.0,459.0,Historical Operational Log (NTES Aligned)
J_12302_20260813,12302,New Delhi - Howrah Rajdhani Express,Rajdhani,1,2026-08-13,DHN,Dhanbad Junction,5,False,False,2026-08-14T06:33:00,2026-08-14T06:33:00,0.0,2026-08-14T06:38:00,2026-08-14T06:38:00,0.0,5.0,5.0,0.0,SEC_GAYA_DHN,0.26,Heavy Rain,0.0,2.4,1192.0,259.0,Historical Operational Log (NTES Aligned)
J_12302_20260813,12302,New Delhi - Howrah Rajdhani Express,Rajdhani,1,2026-08-13,HWH,Howrah Junction,6,False,True,2026-08-14T09:55:00,2026-08-14T09:55:00,0.0,2026-08-14T09:55:00,2026-08-14T09:55:00,0.0,0.0,0.0,0.0,SEC_DHN_HWH,0.5,Heavy Rain,0.0,3.0,1451.0,0.0,Historical Operational Log (NTES Aligned)
J_12951_20260813,12951,Mumbai Central - New Delhi Rajdhani Express,Rajdhani,1,2026-08-13,MMCT,Mumbai Central,0,True,False,2026-08-13T17:00:00,2026-08-13T17:00:00,0.0,2026-08-13T17:00:00,2026-08-13T17:00:00,0.0,0.0,0.0,0.0,ORIGIN,0.3,Clear,0.0,2.8,0.0,1386.0,Historical Operational Log (NTES Aligned)
J_12951_20260813,12951,Mumbai Central - New Delhi Rajdhani Express,Rajdhani,1,2026-08-13,BRC,Vadodara Junction,1,False,False,2026-08-13T21:03:00,2026-08-13T21:03:00,0.0,2026-08-13T21:13:00,2026-08-13T21:13:00,0.0,10.0,10.0,0.0,SEC_MMCT_BRC,0.28,Clear,0.0,4.5,393.0,993.0,Historical Operational Log (NTES Aligned)
J_12951_20260813,12951,Mumbai Central - New Delhi Rajdhani Express,Rajdhani,1,2026-08-13,RTM,Ratlam Junction,2,False,False,2026-08-14T00:25:00,2026-08-14T00:25:00,0.0,2026-08-14T00:28:00,2026-08-14T00:28:00,0.0,3.0,3.0,0.0,SEC_BRC_RTM,0.5,Clear,0.0,5.3,653.0,733.0,Historical Operational Log (NTES Aligned)
J_12951_20260813,12951,Mumbai Central - New Delhi Rajdhani Express,Rajdhani,1,2026-08-13,KOTA,Kota Junction,3,False,False,2026-08-14T03:15:00,2026-08-14T03:15:00,0.0,2026-08-14T03:25:00,2026-08-14T03:25:00,0.0,10.0,10.0,0.0,SEC_RTM_KOTA,0.14,Clear,0.0,1.1,920.0,466.0,Historical Operational Log (NTES Aligned)
J_12951_20260813,12951,Mumbai Central - New Delhi Rajdhani Express,Rajdhani,1,2026-08-13,MTJ,Mathura Junction,4,False,False,2026-08-14T06:43:00,2026-08-14T06:43:00,0.0,2026-08-14T06:45:00,2026-08-14T06:45:00,0.0,2.0,2.0,0.0,SEC_KOTA_MTJ,0.34,Clear,0.0,1.4,1244.0,142.0,Historical Operational Log (NTES Aligned)
J_12951_20260813,12951,Mumbai Central - New Delhi Rajdhani Express,Rajdhani,1,2026-08-13,NDLS,New Delhi,5,False,True,2026-08-14T08:32:00,2026-08-14T08:32:00,0.0,2026-08-14T08:32:00,2026-08-14T08:32:00,0.0,0.0,0.0,0.0,SEC_MTJ_NDLS,0.18,Clear,0.0,0.0,1386.0,0.0,Historical Operational Log (NTES Aligned)
J_22436_20260813,22436,New Delhi - Varanasi Vande Bharat Express,Vande Bharat,1,2026-08-13,NDLS,New Delhi,0,True,False,2026-08-13T06:00:00,2026-08-13T06:00:00,0.0,2026-08-13T06:00:00,2026-08-13T06:00:00,0.0,0.0,0.0,0.0,ORIGIN,0.3,Clear,0.0,3.1,0.0,759.0,Historical Operational Log (NTES Aligned)
J_22436_20260813,22436,New Delhi - Varanasi Vande Bharat Express,Vande Bharat,1,2026-08-13,CNB,Kanpur Central,1,False,False,2026-08-13T10:08:00,2026-08-13T10:08:00,0.0,2026-08-13T10:10:00,2026-08-13T10:10:00,0.0,2.0,2.0,0.0,SEC_NDLS_CNB,0.29,Clear,0.0,2.2,440.0,319.0,Historical Operational Log (NTES Aligned)
J_22436_20260813,22436,New Delhi - Varanasi Vande Bharat Express,Vande Bharat,1,2026-08-13,PRYJ,Prayagraj Junction,2,False,False,2026-08-13T12:08:00,2026-08-13T12:08:00,0.0,2026-08-13T12:10:00,2026-08-13T12:10:00,0.0,2.0,2.0,0.0,SEC_CNB_PRYJ,0.19,Clear,0.0,0.8,634.0,125.0,Historical Operational Log (NTES Aligned)
J_22436_20260813,22436,New Delhi - Varanasi Vande Bharat Express,Vande Bharat,1,2026-08-13,BSB,Varanasi Junction,3,False,True,2026-08-13T14:00:00,2026-08-13T14:00:00,0.0,2026-08-13T14:00:00,2026-08-13T14:00:00,0.0,0.0,0.0,0.0,SEC_PRYJ_BSB,0.42,Clear,0.0,0.0,759.0,0.0,Historical Operational Log (NTES Aligned)
J_12004_20260813,12004,New Delhi - Lucknow Shatabdi Express,Shatabdi,1,2026-08-13,NDLS,New Delhi,0,True,False,2026-08-13T06:10:00,2026-08-13T06:23:18,13.3,2026-08-13T06:10:00,2026-08-13T06:23:18,13.3,0.0,0.0,0.0,ORIGIN,0.3,Light Rain,0.0,1.7,0.0,512.0,Historical Operational Log (NTES Aligned)
J_12004_20260813,12004,New Delhi - Lucknow Shatabdi Express,Shatabdi,1,2026-08-13,CNB,Kanpur Central,1,False,False,2026-08-13T11:20:00,2026-08-13T11:24:24,4.4,2026-08-13T11:25:00,2026-08-13T11:29:24,4.4,5.0,5.0,0.0,SEC_NDLS_CNB,0.1,Light Rain,0.0,2.2,440.0,72.0,Historical Operational Log (NTES Aligned)
J_12004_20260813,12004,New Delhi - Lucknow Shatabdi Express,Shatabdi,1,2026-08-13,LKO,Lucknow Charbagh,2,False,True,2026-08-13T12:40:00,2026-08-13T12:40:00,0.0,2026-08-13T12:40:00,2026-08-13T12:40:00,0.0,0.0,0.0,0.0,SEC_CNB_LKO,0.49,Light Rain,0.0,0.9,512.0,0.0,Historical Operational Log (NTES Aligned)
J_12301_20260814,12301,Howrah - New Delhi Rajdhani Express,Rajdhani,1,2026-08-14,HWH,Howrah Junction,0,True,False,2026-08-14T16:50:00,2026-08-14T16:50:00,0.0,2026-08-14T16:50:00,2026-08-14T16:50:00,0.0,0.0,0.0,0.0,ORIGIN,0.3,Clear,0.0,1.8,0.0,1451.0,Historical Operational Log (NTES Aligned)
J_12301_20260814,12301,Howrah - New Delhi Rajdhani Express,Rajdhani,1,2026-08-14,DHN,Dhanbad Junction,1,False,False,2026-08-14T19:55:00,2026-08-14T19:55:00,0.0,2026-08-14T20:00:00,2026-08-14T20:00:00,0.0,5.0,5.0,0.0,SEC_HWH_DHN,0.23,Clear,0.0,0.4,259.0,1192.0,Historical Operational Log (NTES Aligned)
J_12301_20260814,12301,Howrah - New Delhi Rajdhani Express,Rajdhani,1,2026-08-14,GAYA,Gaya Junction,2,False,False,2026-08-14T22:34:00,2026-08-14T22:34:06,0.1,2026-08-14T22:37:00,2026-08-14T22:37:06,0.1,3.0,3.0,0.0,SEC_DHN_GAYA,0.45,Clear,0.0,1.1,459.0,992.0,Historical Operational Log (NTES Aligned)
J_12301_20260814,12301,Howrah - New Delhi Rajdhani Express,Rajdhani,1,2026-08-14,DDU,Pt. Deen Dayal Upadhyaya Jn,3,False,False,2026-08-15T00:45:00,2026-08-15T00:45:00,0.0,2026-08-15T00:55:00,2026-08-15T00:55:00,0.0,10.0,10.0,0.0,SEC_GAYA_DDU,0.31,Clear,0.0,2.0,664.0,787.0,Historical Operational Log (NTES Aligned)
J_12301_20260814,12301,Howrah - New Delhi Rajdhani Express,Rajdhani,1,2026-08-14,PRYJ,Prayagraj Junction,4,False,False,2026-08-15T02:43:00,2026-08-15T02:43:00,0.0,2026-08-15T02:45:00,2026-08-15T02:45:00,0.0,2.0,2.0,0.0,SEC_DDU_PRYJ,0.1,Clear,0.0,2.2,817.0,634.0,Historical Operational Log (NTES Aligned)
J_12301_20260814,12301,Howrah - New Delhi Rajdhani Express,Rajdhani,1,2026-08-14,CNB,Kanpur Central,5,False,False,2026-08-15T04:50:00,2026-08-15T04:50:00,0.0,2026-08-15T04:55:00,2026-08-15T04:55:00,0.0,5.0,5.0,0.0,SEC_PRYJ_CNB,0.1,Clear,0.0,1.0,1011.0,440.0,Historical Operational Log (NTES Aligned)
J_12301_20260814,12301,Howrah - New Delhi Rajdhani Express,Rajdhani,1,2026-08-14,NDLS,New Delhi,6,False,True,2026-08-15T10:05:00,2026-08-15T10:05:00,0.0,2026-08-15T10:05:00,2026-08-15T10:05:00,0.0,0.0,0.0,0.0,SEC_CNB_NDLS,0.64,Clear,4.3,1.6,1451.0,0.0,Historical Operational Log (NTES Aligned)
J_12302_20260814,12302,New Delhi - Howrah Rajdhani Express,Rajdhani,1,2026-08-14,NDLS,New Delhi,0,True,False,2026-08-14T16:55:00,2026-08-14T16:55:00,0.0,2026-08-14T16:55:00,2026-08-14T16:55:00,0.0,0.0,0.0,0.0,ORIGIN,0.3,Clear,0.0,1.0,0.0,1451.0,Historical Operational Log (NTES Aligned)
J_12302_20260814,12302,New Delhi - Howrah Rajdhani Express,Rajdhani,1,2026-08-14,CNB,Kanpur Central,1,False,False,2026-08-14T21:32:00,2026-08-14T21:32:00,0.0,2026-08-14T21:37:00,2026-08-14T21:37:00,0.0,5.0,5.0,0.0,SEC_NDLS_CNB,0.67,Clear,0.7,0.3,440.0,1011.0,Historical Operational Log (NTES Aligned)
J_12302_20260814,12302,New Delhi - Howrah Rajdhani Express,Rajdhani,1,2026-08-14,PRYJ,Prayagraj Junction,2,False,False,2026-08-14T23:43:00,2026-08-14T23:43:00,0.0,2026-08-14T23:45:00,2026-08-14T23:45:00,0.0,2.0,2.0,0.0,SEC_CNB_PRYJ,0.33,Clear,0.0,4.0,634.0,817.0,Historical Operational Log (NTES Aligned)
J_12302_20260814,12302,New Delhi - Howrah Rajdhani Express,Rajdhani,1,2026-08-14,DDU,Pt. Deen Dayal Upadhyaya Jn,3,False,False,2026-08-15T01:42:00,2026-08-15T01:42:00,0.0,2026-08-15T01:52:00,2026-08-15T01:52:00,0.0,10.0,10.0,0.0,SEC_PRYJ_DDU,0.49,Clear,0.0,3.4,787.0,664.0,Historical Operational Log (NTES Aligned)
J_12302_20260814,12302,New Delhi - Howrah Rajdhani Express,Rajdhani,1,2026-08-14,GAYA,Gaya Junction,4,False,False,2026-08-15T03:55:00,2026-08-15T03:55:00,0.0,2026-08-15T03:58:00,2026-08-15T03:58:00,0.0,3.0,3.0,0.0,SEC_DDU_GAYA,0.32,Clear,0.0,1.3,992.0,459.0,Historical Operational Log (NTES Aligned)
J_12302_20260814,12302,New Delhi - Howrah Rajdhani Express,Rajdhani,1,2026-08-14,DHN,Dhanbad Junction,5,False,False,2026-08-15T06:33:00,2026-08-15T06:33:00,0.0,2026-08-15T06:38:00,2026-08-15T06:38:00,0.0,5.0,5.0,0.0,SEC_GAYA_DHN,0.27,Clear,0.0,1.9,1192.0,259.0,Historical Operational Log (NTES Aligned)
J_12302_20260814,12302,New Delhi - Howrah Rajdhani Express,Rajdhani,1,2026-08-14,HWH,Howrah Junction,6,False,True,2026-08-15T09:55:00,2026-08-15T09:55:00,0.0,2026-08-15T09:55:00,2026-08-15T09:55:00,0.0,0.0,0.0,0.0,SEC_DHN_HWH,0.41,Clear,0.0,3.0,1451.0,0.0,Historical Operational Log (NTES Aligned)
J_12951_20260814,12951,Mumbai Central - New Delhi Rajdhani Express,Rajdhani,1,2026-08-14,MMCT,Mumbai Central,0,True,False,2026-08-14T17:00:00,2026-08-14T17:01:42,1.7,2026-08-14T17:00:00,2026-08-14T17:01:42,1.7,0.0,0.0,0.0,ORIGIN,0.3,Light Rain,0.0,1.8,0.0,1386.0,Historical Operational Log (NTES Aligned)
J_12951_20260814,12951,Mumbai Central - New Delhi Rajdhani Express,Rajdhani,1,2026-08-14,BRC,Vadodara Junction,1,False,False,2026-08-14T21:03:00,2026-08-14T21:03:00,0.0,2026-08-14T21:13:00,2026-08-14T21:13:00,0.0,10.0,10.0,0.0,SEC_MMCT_BRC,0.34,Light Rain,0.0,4.6,393.0,993.0,Historical Operational Log (NTES Aligned)
J_12951_20260814,12951,Mumbai Central - New Delhi Rajdhani Express,Rajdhani,1,2026-08-14,RTM,Ratlam Junction,2,False,False,2026-08-15T00:25:00,2026-08-15T00:30:36,5.6,2026-08-15T00:28:00,2026-08-15T00:33:36,5.6,3.0,3.0,0.0,SEC_BRC_RTM,0.73,Light Rain,0.0,1.1,653.0,733.0,Historical Operational Log (NTES Aligned)
J_12951_20260814,12951,Mumbai Central - New Delhi Rajdhani Express,Rajdhani,1,2026-08-14,KOTA,Kota Junction,3,False,False,2026-08-15T03:15:00,2026-08-15T03:15:00,0.0,2026-08-15T03:25:00,2026-08-15T03:25:00,0.0,10.0,10.0,0.0,SEC_RTM_KOTA,0.34,Light Rain,0.0,3.1,920.0,466.0,Historical Operational Log (NTES Aligned)
J_12951_20260814,12951,Mumbai Central - New Delhi Rajdhani Express,Rajdhani,1,2026-08-14,MTJ,Mathura Junction,4,False,False,2026-08-15T06:43:00,2026-08-15T06:43:00,0.0,2026-08-15T06:45:00,2026-08-15T06:45:00,0.0,2.0,2.0,0.0,SEC_KOTA_MTJ,0.13,Light Rain,0.0,1.6,1244.0,142.0,Historical Operational Log (NTES Aligned)
J_12951_20260814,12951,Mumbai Central - New Delhi Rajdhani Express,Rajdhani,1,2026-08-14,NDLS,New Delhi,5,False,True,2026-08-15T08:32:00,2026-08-15T08:32:00,0.0,2026-08-15T08:32:00,2026-08-15T08:32:00,0.0,0.0,0.0,0.0,SEC_MTJ_NDLS,0.31,Light Rain,0.0,1.8,1386.0,0.0,Historical Operational Log (NTES Aligned)
J_22436_20260814,22436,New Delhi - Varanasi Vande Bharat Express,Vande Bharat,1,2026-08-14,NDLS,New Delhi,0,True,False,2026-08-14T06:00:00,2026-08-14T06:00:00,0.0,2026-08-14T06:00:00,2026-08-14T06:00:00,0.0,0.0,0.0,0.0,ORIGIN,0.3,Dense Fog,0.0,2.4,0.0,759.0,Historical Operational Log (NTES Aligned)
J_22436_20260814,22436,New Delhi - Varanasi Vande Bharat Express,Vande Bharat,1,2026-08-14,CNB,Kanpur Central,1,False,False,2026-08-14T10:08:00,2026-08-14T10:08:00,0.0,2026-08-14T10:10:00,2026-08-14T10:10:00,0.0,2.0,2.0,0.0,SEC_NDLS_CNB,0.42,Dense Fog,0.0,1.4,440.0,319.0,Historical Operational Log (NTES Aligned)
J_22436_20260814,22436,New Delhi - Varanasi Vande Bharat Express,Vande Bharat,1,2026-08-14,PRYJ,Prayagraj Junction,2,False,False,2026-08-14T12:08:00,2026-08-14T12:08:18,0.3,2026-08-14T12:10:00,2026-08-14T12:10:18,0.3,2.0,2.0,0.0,SEC_CNB_PRYJ,0.54,Dense Fog,0.0,2.0,634.0,125.0,Historical Operational Log (NTES Aligned)
J_22436_20260814,22436,New Delhi - Varanasi Vande Bharat Express,Vande Bharat,1,2026-08-14,BSB,Varanasi Junction,3,False,True,2026-08-14T14:00:00,2026-08-14T14:00:00,0.0,2026-08-14T14:00:00,2026-08-14T14:00:00,0.0,0.0,0.0,0.0,SEC_PRYJ_BSB,0.7,Dense Fog,0.2,1.1,759.0,0.0,Historical Operational Log (NTES Aligned)
J_12004_20260814,12004,New Delhi - Lucknow Shatabdi Express,Shatabdi,1,2026-08-14,NDLS,New Delhi,0,True,False,2026-08-14T06:10:00,2026-08-14T06:28:42,18.7,2026-08-14T06:10:00,2026-08-14T06:30:24,20.4,0.0,1.7,1.7,ORIGIN,0.3,Clear,0.0,3.8,0.0,512.0,Historical Operational Log (NTES Aligned)
J_12004_20260814,12004,New Delhi - Lucknow Shatabdi Express,Shatabdi,1,2026-08-14,CNB,Kanpur Central,1,False,False,2026-08-14T11:20:00,2026-08-14T11:32:36,12.6,2026-08-14T11:25:00,2026-08-14T11:37:36,12.6,5.0,5.0,0.0,SEC_NDLS_CNB,0.18,Clear,0.0,3.7,440.0,72.0,Historical Operational Log (NTES Aligned)
J_12004_20260814,12004,New Delhi - Lucknow Shatabdi Express,Shatabdi,1,2026-08-14,LKO,Lucknow Charbagh,2,False,True,2026-08-14T12:40:00,2026-08-14T12:40:00,0.0,2026-08-14T12:40:00,2026-08-14T12:40:00,0.0,0.0,0.0,0.0,SEC_CNB_LKO,0.19,Clear,0.0,4.9,512.0,0.0,Historical Operational Log (NTES Aligned)
J_12301_20260815,12301,Howrah - New Delhi Rajdhani Express,Rajdhani,1,2026-08-15,HWH,Howrah Junction,0,True,False,2026-08-15T16:50:00,2026-08-15T16:52:36,2.6,2026-08-15T16:50:00,2026-08-15T16:52:36,2.6,0.0,0.0,0.0,ORIGIN,0.3,Clear,0.0,1.4,0.0,1451.0,Historical Operational Log (NTES Aligned)
J_12301_20260815,12301,Howrah - New Delhi Rajdhani Express,Rajdhani,1,2026-08-15,DHN,Dhanbad Junction,1,False,False,2026-08-15T19:55:00,2026-08-15T19:55:00,0.0,2026-08-15T20:00:00,2026-08-15T20:00:00,0.0,5.0,5.0,0.0,SEC_HWH_DHN,0.2,Clear,0.0,1.2,259.0,1192.0,Historical Operational Log (NTES Aligned)
J_12301_20260815,12301,Howrah - New Delhi Rajdhani Express,Rajdhani,1,2026-08-15,GAYA,Gaya Junction,2,False,False,2026-08-15T22:34:00,2026-08-15T22:34:00,0.0,2026-08-15T22:37:00,2026-08-15T22:37:00,0.0,3.0,3.0,0.0,SEC_DHN_GAYA,0.32,Clear,0.0,2.6,459.0,992.0,Historical Operational Log (NTES Aligned)
J_12301_20260815,12301,Howrah - New Delhi Rajdhani Express,Rajdhani,1,2026-08-15,DDU,Pt. Deen Dayal Upadhyaya Jn,3,False,False,2026-08-16T00:45:00,2026-08-16T00:45:00,0.0,2026-08-16T00:55:00,2026-08-16T00:55:00,0.0,10.0,10.0,0.0,SEC_GAYA_DDU,0.12,Clear,0.0,0.8,664.0,787.0,Historical Operational Log (NTES Aligned)
J_12301_20260815,12301,Howrah - New Delhi Rajdhani Express,Rajdhani,1,2026-08-15,PRYJ,Prayagraj Junction,4,False,False,2026-08-16T02:43:00,2026-08-16T02:43:00,0.0,2026-08-16T02:45:00,2026-08-16T02:45:00,0.0,2.0,2.0,0.0,SEC_DDU_PRYJ,0.31,Clear,0.0,1.7,817.0,634.0,Historical Operational Log (NTES Aligned)
J_12301_20260815,12301,Howrah - New Delhi Rajdhani Express,Rajdhani,1,2026-08-15,CNB,Kanpur Central,5,False,False,2026-08-16T04:50:00,2026-08-16T04:50:00,0.0,2026-08-16T04:55:00,2026-08-16T04:55:00,0.0,5.0,5.0,0.0,SEC_PRYJ_CNB,0.39,Clear,0.0,4.2,1011.0,440.0,Historical Operational Log (NTES Aligned)
J_12301_20260815,12301,Howrah - New Delhi Rajdhani Express,Rajdhani,1,2026-08-15,NDLS,New Delhi,6,False,True,2026-08-16T10:05:00,2026-08-16T10:05:00,0.0,2026-08-16T10:05:00,2026-08-16T10:05:00,0.0,0.0,0.0,0.0,SEC_CNB_NDLS,0.46,Clear,0.0,3.3,1451.0,0.0,Historical Operational Log (NTES Aligned)
J_12302_20260815,12302,New Delhi - Howrah Rajdhani Express,Rajdhani,1,2026-08-15,NDLS,New Delhi,0,True,False,2026-08-15T16:55:00,2026-08-15T16:55:00,0.0,2026-08-15T16:55:00,2026-08-15T16:55:00,0.0,0.0,0.0,0.0,ORIGIN,0.3,Clear,0.0,1.6,0.0,1451.0,Historical Operational Log (NTES Aligned)
J_12302_20260815,12302,New Delhi - Howrah Rajdhani Express,Rajdhani,1,2026-08-15,CNB,Kanpur Central,1,False,False,2026-08-15T21:32:00,2026-08-15T21:32:00,0.0,2026-08-15T21:37:00,2026-08-15T21:37:00,0.0,5.0,5.0,0.0,SEC_NDLS_CNB,0.3,Clear,0.0,0.0,440.0,1011.0,Historical Operational Log (NTES Aligned)
J_12302_20260815,12302,New Delhi - Howrah Rajdhani Express,Rajdhani,1,2026-08-15,PRYJ,Prayagraj Junction,2,False,False,2026-08-15T23:43:00,2026-08-15T23:47:12,4.2,2026-08-15T23:45:00,2026-08-15T23:49:12,4.2,2.0,2.0,0.0,SEC_CNB_PRYJ,0.84,Clear,0.2,2.3,634.0,817.0,Historical Operational Log (NTES Aligned)
J_12302_20260815,12302,New Delhi - Howrah Rajdhani Express,Rajdhani,1,2026-08-15,DDU,Pt. Deen Dayal Upadhyaya Jn,3,False,False,2026-08-16T01:42:00,2026-08-16T01:42:00,0.0,2026-08-16T01:52:00,2026-08-16T01:52:00,0.0,10.0,10.0,0.0,SEC_PRYJ_DDU,0.1,Clear,0.0,4.1,787.0,664.0,Historical Operational Log (NTES Aligned)
J_12302_20260815,12302,New Delhi - Howrah Rajdhani Express,Rajdhani,1,2026-08-15,GAYA,Gaya Junction,4,False,False,2026-08-16T03:55:00,2026-08-16T03:55:00,0.0,2026-08-16T03:58:00,2026-08-16T03:58:00,0.0,3.0,3.0,0.0,SEC_DDU_GAYA,0.11,Clear,0.0,2.0,992.0,459.0,Historical Operational Log (NTES Aligned)
J_12302_20260815,12302,New Delhi - Howrah Rajdhani Express,Rajdhani,1,2026-08-15,DHN,Dhanbad Junction,5,False,False,2026-08-16T06:33:00,2026-08-16T06:33:00,0.0,2026-08-16T06:38:00,2026-08-16T06:38:00,0.0,5.0,5.0,0.0,SEC_GAYA_DHN,0.42,Clear,0.0,2.0,1192.0,259.0,Historical Operational Log (NTES Aligned)
J_12302_20260815,12302,New Delhi - Howrah Rajdhani Express,Rajdhani,1,2026-08-15,HWH,Howrah Junction,6,False,True,2026-08-16T09:55:00,2026-08-16T09:55:00,0.0,2026-08-16T09:55:00,2026-08-16T09:55:00,0.0,0.0,0.0,0.0,SEC_DHN_HWH,0.54,Clear,0.0,3.7,1451.0,0.0,Historical Operational Log (NTES Aligned)
J_12951_20260815,12951,Mumbai Central - New Delhi Rajdhani Express,Rajdhani,1,2026-08-15,MMCT,Mumbai Central,0,True,False,2026-08-15T17:00:00,2026-08-15T17:00:00,0.0,2026-08-15T17:00:00,2026-08-15T17:00:00,0.0,0.0,0.0,0.0,ORIGIN,0.3,Clear,0.0,3.1,0.0,1386.0,Historical Operational Log (NTES Aligned)
J_12951_20260815,12951,Mumbai Central - New Delhi Rajdhani Express,Rajdhani,1,2026-08-15,BRC,Vadodara Junction,1,False,False,2026-08-15T21:03:00,2026-08-15T21:03:00,0.0,2026-08-15T21:13:00,2026-08-15T21:13:00,0.0,10.0,10.0,0.0,SEC_MMCT_BRC,0.17,Clear,0.0,1.7,393.0,993.0,Historical Operational Log (NTES Aligned)
J_12951_20260815,12951,Mumbai Central - New Delhi Rajdhani Express,Rajdhani,1,2026-08-15,RTM,Ratlam Junction,2,False,False,2026-08-16T00:25:00,2026-08-16T00:25:00,0.0,2026-08-16T00:28:00,2026-08-16T00:28:00,0.0,3.0,3.0,0.0,SEC_BRC_RTM,0.35,Clear,0.0,4.4,653.0,733.0,Historical Operational Log (NTES Aligned)
J_12951_20260815,12951,Mumbai Central - New Delhi Rajdhani Express,Rajdhani,1,2026-08-15,KOTA,Kota Junction,3,False,False,2026-08-16T03:15:00,2026-08-16T03:15:00,0.0,2026-08-16T03:25:00,2026-08-16T03:25:00,0.0,10.0,10.0,0.0,SEC_RTM_KOTA,0.1,Clear,0.0,0.4,920.0,466.0,Historical Operational Log (NTES Aligned)
J_12951_20260815,12951,Mumbai Central - New Delhi Rajdhani Express,Rajdhani,1,2026-08-15,MTJ,Mathura Junction,4,False,False,2026-08-16T06:43:00,2026-08-16T06:43:00,0.0,2026-08-16T06:45:00,2026-08-16T06:45:00,0.0,2.0,2.0,0.0,SEC_KOTA_MTJ,0.36,Clear,0.0,2.6,1244.0,142.0,Historical Operational Log (NTES Aligned)
J_12951_20260815,12951,Mumbai Central - New Delhi Rajdhani Express,Rajdhani,1,2026-08-15,NDLS,New Delhi,5,False,True,2026-08-16T08:32:00,2026-08-16T08:32:00,0.0,2026-08-16T08:32:00,2026-08-16T08:32:00,0.0,0.0,0.0,0.0,SEC_MTJ_NDLS,0.41,Clear,0.0,0.0,1386.0,0.0,Historical Operational Log (NTES Aligned)
J_22436_20260815,22436,New Delhi - Varanasi Vande Bharat Express,Vande Bharat,1,2026-08-15,NDLS,New Delhi,0,True,False,2026-08-15T06:00:00,2026-08-15T06:00:00,0.0,2026-08-15T06:00:00,2026-08-15T06:00:00,0.0,0.0,0.0,0.0,ORIGIN,0.3,Light Rain,0.0,0.0,0.0,759.0,Historical Operational Log (NTES Aligned)
J_22436_20260815,22436,New Delhi - Varanasi Vande Bharat Express,Vande Bharat,1,2026-08-15,CNB,Kanpur Central,1,False,False,2026-08-15T10:08:00,2026-08-15T10:08:00,0.0,2026-08-15T10:10:00,2026-08-15T10:10:00,0.0,2.0,2.0,0.0,SEC_NDLS_CNB,0.59,Light Rain,0.0,5.2,440.0,319.0,Historical Operational Log (NTES Aligned)
J_22436_20260815,22436,New Delhi - Varanasi Vande Bharat Express,Vande Bharat,1,2026-08-15,PRYJ,Prayagraj Junction,2,False,False,2026-08-15T12:08:00,2026-08-15T12:08:00,0.0,2026-08-15T12:10:00,2026-08-15T12:10:00,0.0,2.0,2.0,0.0,SEC_CNB_PRYJ,0.23,Light Rain,0.0,1.4,634.0,125.0,Historical Operational Log (NTES Aligned)
J_22436_20260815,22436,New Delhi - Varanasi Vande Bharat Express,Vande Bharat,1,2026-08-15,BSB,Varanasi Junction,3,False,True,2026-08-15T14:00:00,2026-08-15T14:02:18,2.3,2026-08-15T14:00:00,2026-08-15T14:02:18,2.3,0.0,0.0,0.0,SEC_PRYJ_BSB,0.44,Light Rain,0.0,0.9,759.0,0.0,Historical Operational Log (NTES Aligned)
J_12004_20260815,12004,New Delhi - Lucknow Shatabdi Express,Shatabdi,1,2026-08-15,NDLS,New Delhi,0,True,False,2026-08-15T06:10:00,2026-08-15T06:10:00,0.0,2026-08-15T06:10:00,2026-08-15T06:10:00,0.0,0.0,0.0,0.0,ORIGIN,0.3,Heavy Rain,0.0,0.7,0.0,512.0,Historical Operational Log (NTES Aligned)
J_12004_20260815,12004,New Delhi - Lucknow Shatabdi Express,Shatabdi,1,2026-08-15,CNB,Kanpur Central,1,False,False,2026-08-15T11:20:00,2026-08-15T11:20:00,0.0,2026-08-15T11:25:00,2026-08-15T11:25:00,0.0,5.0,5.0,0.0,SEC_NDLS_CNB,0.12,Heavy Rain,0.0,0.0,440.0,72.0,Historical Operational Log (NTES Aligned)
J_12004_20260815,12004,New Delhi - Lucknow Shatabdi Express,Shatabdi,1,2026-08-15,LKO,Lucknow Charbagh,2,False,True,2026-08-15T12:40:00,2026-08-15T12:40:00,0.0,2026-08-15T12:40:00,2026-08-15T12:40:00,0.0,0.0,0.0,0.0,SEC_CNB_LKO,0.17,Heavy Rain,0.0,3.2,512.0,0.0,Historical Operational Log (NTES Aligned)
J_12301_20260816,12301,Howrah - New Delhi Rajdhani Express,Rajdhani,1,2026-08-16,HWH,Howrah Junction,0,True,False,2026-08-16T16:50:00,2026-08-16T16:50:00,0.0,2026-08-16T16:50:00,2026-08-16T16:50:00,0.0,0.0,0.0,0.0,ORIGIN,0.3,Clear,0.0,2.8,0.0,1451.0,Historical Operational Log (NTES Aligned)
J_12301_20260816,12301,Howrah - New Delhi Rajdhani Express,Rajdhani,1,2026-08-16,DHN,Dhanbad Junction,1,False,False,2026-08-16T19:55:00,2026-08-16T19:55:12,0.2,2026-08-16T20:00:00,2026-08-16T20:00:12,0.2,5.0,5.0,0.0,SEC_HWH_DHN,0.39,Clear,0.0,2.2,259.0,1192.0,Historical Operational Log (NTES Aligned)
J_12301_20260816,12301,Howrah - New Delhi Rajdhani Express,Rajdhani,1,2026-08-16,GAYA,Gaya Junction,2,False,False,2026-08-16T22:34:00,2026-08-16T22:34:00,0.0,2026-08-16T22:37:00,2026-08-16T22:37:00,0.0,3.0,3.0,0.0,SEC_DHN_GAYA,0.42,Clear,0.0,3.5,459.0,992.0,Historical Operational Log (NTES Aligned)
J_12301_20260816,12301,Howrah - New Delhi Rajdhani Express,Rajdhani,1,2026-08-16,DDU,Pt. Deen Dayal Upadhyaya Jn,3,False,False,2026-08-17T00:45:00,2026-08-17T00:45:00,0.0,2026-08-17T00:55:00,2026-08-17T00:55:00,0.0,10.0,10.0,0.0,SEC_GAYA_DDU,0.26,Clear,0.0,3.5,664.0,787.0,Historical Operational Log (NTES Aligned)
J_12301_20260816,12301,Howrah - New Delhi Rajdhani Express,Rajdhani,1,2026-08-16,PRYJ,Prayagraj Junction,4,False,False,2026-08-17T02:43:00,2026-08-17T02:43:00,0.0,2026-08-17T02:45:00,2026-08-17T02:45:00,0.0,2.0,2.0,0.0,SEC_DDU_PRYJ,0.1,Clear,0.0,0.0,817.0,634.0,Historical Operational Log (NTES Aligned)
J_12301_20260816,12301,Howrah - New Delhi Rajdhani Express,Rajdhani,1,2026-08-16,CNB,Kanpur Central,5,False,False,2026-08-17T04:50:00,2026-08-17T04:50:00,0.0,2026-08-17T04:55:00,2026-08-17T04:55:00,0.0,5.0,5.0,0.0,SEC_PRYJ_CNB,0.14,Clear,0.0,1.0,1011.0,440.0,Historical Operational Log (NTES Aligned)
J_12301_20260816,12301,Howrah - New Delhi Rajdhani Express,Rajdhani,1,2026-08-16,NDLS,New Delhi,6,False,True,2026-08-17T10:05:00,2026-08-17T10:05:00,0.0,2026-08-17T10:05:00,2026-08-17T10:05:00,0.0,0.0,0.0,0.0,SEC_CNB_NDLS,0.26,Clear,0.0,1.7,1451.0,0.0,Historical Operational Log (NTES Aligned)
J_12302_20260816,12302,New Delhi - Howrah Rajdhani Express,Rajdhani,1,2026-08-16,NDLS,New Delhi,0,True,False,2026-08-16T16:55:00,2026-08-16T16:55:00,0.0,2026-08-16T16:55:00,2026-08-16T16:55:00,0.0,0.0,0.0,0.0,ORIGIN,0.3,Clear,0.0,1.0,0.0,1451.0,Historical Operational Log (NTES Aligned)
J_12302_20260816,12302,New Delhi - Howrah Rajdhani Express,Rajdhani,1,2026-08-16,CNB,Kanpur Central,1,False,False,2026-08-16T21:32:00,2026-08-16T21:32:00,0.0,2026-08-16T21:37:00,2026-08-16T21:37:00,0.0,5.0,5.0,0.0,SEC_NDLS_CNB,0.43,Clear,0.0,1.4,440.0,1011.0,Historical Operational Log (NTES Aligned)
J_12302_20260816,12302,New Delhi - Howrah Rajdhani Express,Rajdhani,1,2026-08-16,PRYJ,Prayagraj Junction,2,False,False,2026-08-16T23:43:00,2026-08-16T23:43:00,0.0,2026-08-16T23:45:00,2026-08-16T23:45:00,0.0,2.0,2.0,0.0,SEC_CNB_PRYJ,0.1,Clear,0.0,1.6,634.0,817.0,Historical Operational Log (NTES Aligned)
J_12302_20260816,12302,New Delhi - Howrah Rajdhani Express,Rajdhani,1,2026-08-16,DDU,Pt. Deen Dayal Upadhyaya Jn,3,False,False,2026-08-17T01:42:00,2026-08-17T01:42:00,0.0,2026-08-17T01:52:00,2026-08-17T01:52:00,0.0,10.0,10.0,0.0,SEC_PRYJ_DDU,0.44,Clear,0.0,1.8,787.0,664.0,Historical Operational Log (NTES Aligned)
J_12302_20260816,12302,New Delhi - Howrah Rajdhani Express,Rajdhani,1,2026-08-16,GAYA,Gaya Junction,4,False,False,2026-08-17T03:55:00,2026-08-17T03:55:00,0.0,2026-08-17T03:58:00,2026-08-17T03:58:00,0.0,3.0,3.0,0.0,SEC_DDU_GAYA,0.22,Clear,0.0,2.3,992.0,459.0,Historical Operational Log (NTES Aligned)
J_12302_20260816,12302,New Delhi - Howrah Rajdhani Express,Rajdhani,1,2026-08-16,DHN,Dhanbad Junction,5,False,False,2026-08-17T06:33:00,2026-08-17T06:33:00,0.0,2026-08-17T06:38:00,2026-08-17T06:38:00,0.0,5.0,5.0,0.0,SEC_GAYA_DHN,0.47,Clear,0.0,1.9,1192.0,259.0,Historical Operational Log (NTES Aligned)
J_12302_20260816,12302,New Delhi - Howrah Rajdhani Express,Rajdhani,1,2026-08-16,HWH,Howrah Junction,6,False,True,2026-08-17T09:55:00,2026-08-17T09:55:00,0.0,2026-08-17T09:55:00,2026-08-17T09:55:00,0.0,0.0,0.0,0.0,SEC_DHN_HWH,0.36,Clear,0.0,2.6,1451.0,0.0,Historical Operational Log (NTES Aligned)
J_12951_20260816,12951,Mumbai Central - New Delhi Rajdhani Express,Rajdhani,1,2026-08-16,MMCT,Mumbai Central,0,True,False,2026-08-16T17:00:00,2026-08-16T17:00:00,0.0,2026-08-16T17:00:00,2026-08-16T17:00:00,0.0,0.0,0.0,0.0,ORIGIN,0.3,Dense Fog,0.0,2.1,0.0,1386.0,Historical Operational Log (NTES Aligned)
J_12951_20260816,12951,Mumbai Central - New Delhi Rajdhani Express,Rajdhani,1,2026-08-16,BRC,Vadodara Junction,1,False,False,2026-08-16T21:03:00,2026-08-16T21:03:00,0.0,2026-08-16T21:13:00,2026-08-16T21:13:00,0.0,10.0,10.0,0.0,SEC_MMCT_BRC,0.27,Dense Fog,0.0,2.2,393.0,993.0,Historical Operational Log (NTES Aligned)
J_12951_20260816,12951,Mumbai Central - New Delhi Rajdhani Express,Rajdhani,1,2026-08-16,RTM,Ratlam Junction,2,False,False,2026-08-17T00:25:00,2026-08-17T00:25:00,0.0,2026-08-17T00:28:00,2026-08-17T00:28:00,0.0,3.0,3.0,0.0,SEC_BRC_RTM,0.37,Dense Fog,0.0,1.9,653.0,733.0,Historical Operational Log (NTES Aligned)
J_12951_20260816,12951,Mumbai Central - New Delhi Rajdhani Express,Rajdhani,1,2026-08-16,KOTA,Kota Junction,3,False,False,2026-08-17T03:15:00,2026-08-17T03:15:00,0.0,2026-08-17T03:25:00,2026-08-17T03:25:00,0.0,10.0,10.0,0.0,SEC_RTM_KOTA,0.12,Dense Fog,0.0,2.3,920.0,466.0,Historical Operational Log (NTES Aligned)
J_12951_20260816,12951,Mumbai Central - New Delhi Rajdhani Express,Rajdhani,1,2026-08-16,MTJ,Mathura Junction,4,False,False,2026-08-17T06:43:00,2026-08-17T06:43:00,0.0,2026-08-17T06:45:00,2026-08-17T06:45:00,0.0,2.0,2.0,0.0,SEC_KOTA_MTJ,0.19,Dense Fog,0.0,2.9,1244.0,142.0,Historical Operational Log (NTES Aligned)
J_12951_20260816,12951,Mumbai Central - New Delhi Rajdhani Express,Rajdhani,1,2026-08-16,NDLS,New Delhi,5,False,True,2026-08-17T08:32:00,2026-08-17T08:33:36,1.6,2026-08-17T08:32:00,2026-08-17T08:33:36,1.6,0.0,0.0,0.0,SEC_MTJ_NDLS,0.58,Dense Fog,0.0,2.7,1386.0,0.0,Historical Operational Log (NTES Aligned)
J_22436_20260816,22436,New Delhi - Varanasi Vande Bharat Express,Vande Bharat,1,2026-08-16,NDLS,New Delhi,0,True,False,2026-08-16T06:00:00,2026-08-16T06:00:00,0.0,2026-08-16T06:00:00,2026-08-16T06:00:00,0.0,0.0,0.0,0.0,ORIGIN,0.3,Clear,0.0,3.1,0.0,759.0,Historical Operational Log (NTES Aligned)
J_22436_20260816,22436,New Delhi - Varanasi Vande Bharat Express,Vande Bharat,1,2026-08-16,CNB,Kanpur Central,1,False,False,2026-08-16T10:08:00,2026-08-16T10:08:00,0.0,2026-08-16T10:10:00,2026-08-16T10:10:00,0.0,2.0,2.0,0.0,SEC_NDLS_CNB,0.31,Clear,0.0,0.0,440.0,319.0,Historical Operational Log (NTES Aligned)
J_22436_20260816,22436,New Delhi - Varanasi Vande Bharat Express,Vande Bharat,1,2026-08-16,PRYJ,Prayagraj Junction,2,False,False,2026-08-16T12:08:00,2026-08-16T12:08:00,0.0,2026-08-16T12:10:00,2026-08-16T12:10:00,0.0,2.0,2.0,0.0,SEC_CNB_PRYJ,0.19,Clear,0.0,2.9,634.0,125.0,Historical Operational Log (NTES Aligned)
J_22436_20260816,22436,New Delhi - Varanasi Vande Bharat Express,Vande Bharat,1,2026-08-16,BSB,Varanasi Junction,3,False,True,2026-08-16T14:00:00,2026-08-16T14:02:54,2.9,2026-08-16T14:00:00,2026-08-16T14:02:54,2.9,0.0,0.0,0.0,SEC_PRYJ_BSB,0.52,Clear,0.0,0.1,759.0,0.0,Historical Operational Log (NTES Aligned)
J_12004_20260816,12004,New Delhi - Lucknow Shatabdi Express,Shatabdi,1,2026-08-16,NDLS,New Delhi,0,True,False,2026-08-16T06:10:00,2026-08-16T06:10:00,0.0,2026-08-16T06:10:00,2026-08-16T06:10:00,0.0,0.0,0.0,0.0,ORIGIN,0.3,Clear,0.0,0.0,0.0,512.0,Historical Operational Log (NTES Aligned)
J_12004_20260816,12004,New Delhi - Lucknow Shatabdi Express,Shatabdi,1,2026-08-16,CNB,Kanpur Central,1,False,False,2026-08-16T11:20:00,2026-08-16T11:20:00,0.0,2026-08-16T11:25:00,2026-08-16T11:25:00,0.0,5.0,5.0,0.0,SEC_NDLS_CNB,0.31,Clear,0.0,0.0,440.0,72.0,Historical Operational Log (NTES Aligned)
J_12004_20260816,12004,New Delhi - Lucknow Shatabdi Express,Shatabdi,1,2026-08-16,LKO,Lucknow Charbagh,2,False,True,2026-08-16T12:40:00,2026-08-16T12:40:00,0.0,2026-08-16T12:40:00,2026-08-16T12:40:00,0.0,0.0,0.0,0.0,SEC_CNB_LKO,0.39,Clear,0.0,3.2,512.0,0.0,Historical Operational Log (NTES Aligned)
J_12301_20260817,12301,Howrah - New Delhi Rajdhani Express,Rajdhani,1,2026-08-17,HWH,Howrah Junction,0,True,False,2026-08-17T16:50:00,2026-08-17T16:52:06,2.1,2026-08-17T16:50:00,2026-08-17T16:52:06,2.1,0.0,0.0,0.0,ORIGIN,0.3,Heavy Rain,0.0,4.1,0.0,1451.0,Historical Operational Log (NTES Aligned)
J_12301_20260817,12301,Howrah - New Delhi Rajdhani Express,Rajdhani,1,2026-08-17,DHN,Dhanbad Junction,1,False,False,2026-08-17T19:55:00,2026-08-17T19:55:30,0.5,2026-08-17T20:00:00,2026-08-17T20:00:30,0.5,5.0,5.0,0.0,SEC_HWH_DHN,0.5,Heavy Rain,0.0,1.2,259.0,1192.0,Historical Operational Log (NTES Aligned)
J_12301_20260817,12301,Howrah - New Delhi Rajdhani Express,Rajdhani,1,2026-08-17,GAYA,Gaya Junction,2,False,False,2026-08-17T22:34:00,2026-08-17T22:34:30,0.5,2026-08-17T22:37:00,2026-08-17T22:37:30,0.5,3.0,3.0,0.0,SEC_DHN_GAYA,0.56,Heavy Rain,0.0,1.3,459.0,992.0,Historical Operational Log (NTES Aligned)
J_12301_20260817,12301,Howrah - New Delhi Rajdhani Express,Rajdhani,1,2026-08-17,DDU,Pt. Deen Dayal Upadhyaya Jn,3,False,False,2026-08-18T00:45:00,2026-08-18T00:47:12,2.2,2026-08-18T00:55:00,2026-08-18T00:57:12,2.2,10.0,10.0,0.0,SEC_GAYA_DDU,0.48,Heavy Rain,0.0,2.2,664.0,787.0,Historical Operational Log (NTES Aligned)
J_12301_20260817,12301,Howrah - New Delhi Rajdhani Express,Rajdhani,1,2026-08-17,PRYJ,Prayagraj Junction,4,False,False,2026-08-18T02:43:00,2026-08-18T02:46:06,3.1,2026-08-18T02:45:00,2026-08-18T02:48:06,3.1,2.0,2.0,0.0,SEC_DDU_PRYJ,0.68,Heavy Rain,2.9,0.0,817.0,634.0,Historical Operational Log (NTES Aligned)
J_12301_20260817,12301,Howrah - New Delhi Rajdhani Express,Rajdhani,1,2026-08-17,CNB,Kanpur Central,5,False,False,2026-08-18T04:50:00,2026-08-18T04:52:48,2.8,2026-08-18T04:55:00,2026-08-18T04:57:48,2.8,5.0,5.0,0.0,SEC_PRYJ_CNB,0.34,Heavy Rain,0.0,3.2,1011.0,440.0,Historical Operational Log (NTES Aligned)
J_12301_20260817,12301,Howrah - New Delhi Rajdhani Express,Rajdhani,1,2026-08-17,NDLS,New Delhi,6,False,True,2026-08-18T10:05:00,2026-08-18T10:05:00,0.0,2026-08-18T10:05:00,2026-08-18T10:05:00,0.0,0.0,0.0,0.0,SEC_CNB_NDLS,0.21,Heavy Rain,0.0,2.9,1451.0,0.0,Historical Operational Log (NTES Aligned)
J_12302_20260817,12302,New Delhi - Howrah Rajdhani Express,Rajdhani,1,2026-08-17,NDLS,New Delhi,0,True,False,2026-08-17T16:55:00,2026-08-17T16:55:00,0.0,2026-08-17T16:55:00,2026-08-17T16:55:00,0.0,0.0,0.0,0.0,ORIGIN,0.3,Clear,0.0,4.2,0.0,1451.0,Historical Operational Log (NTES Aligned)
J_12302_20260817,12302,New Delhi - Howrah Rajdhani Express,Rajdhani,1,2026-08-17,CNB,Kanpur Central,1,False,False,2026-08-17T21:32:00,2026-08-17T21:32:00,0.0,2026-08-17T21:37:00,2026-08-17T21:37:00,0.0,5.0,5.0,0.0,SEC_NDLS_CNB,0.1,Clear,0.0,2.7,440.0,1011.0,Historical Operational Log (NTES Aligned)
J_12302_20260817,12302,New Delhi - Howrah Rajdhani Express,Rajdhani,1,2026-08-17,PRYJ,Prayagraj Junction,2,False,False,2026-08-17T23:43:00,2026-08-17T23:43:00,0.0,2026-08-17T23:45:00,2026-08-17T23:45:00,0.0,2.0,2.0,0.0,SEC_CNB_PRYJ,0.14,Clear,0.0,3.5,634.0,817.0,Historical Operational Log (NTES Aligned)
J_12302_20260817,12302,New Delhi - Howrah Rajdhani Express,Rajdhani,1,2026-08-17,DDU,Pt. Deen Dayal Upadhyaya Jn,3,False,False,2026-08-18T01:42:00,2026-08-18T01:45:36,3.6,2026-08-18T01:52:00,2026-08-18T01:55:36,3.6,10.0,10.0,0.0,SEC_PRYJ_DDU,0.22,Clear,0.0,3.6,787.0,664.0,Historical Operational Log (NTES Aligned)
J_12302_20260817,12302,New Delhi - Howrah Rajdhani Express,Rajdhani,1,2026-08-17,GAYA,Gaya Junction,4,False,False,2026-08-18T03:55:00,2026-08-18T03:57:00,2.0,2026-08-18T03:58:00,2026-08-18T04:00:00,2.0,3.0,3.0,0.0,SEC_DDU_GAYA,0.39,Clear,0.0,1.4,992.0,459.0,Historical Operational Log (NTES Aligned)
J_12302_20260817,12302,New Delhi - Howrah Rajdhani Express,Rajdhani,1,2026-08-17,DHN,Dhanbad Junction,5,False,False,2026-08-18T06:33:00,2026-08-18T06:33:00,0.0,2026-08-18T06:38:00,2026-08-18T06:38:00,0.0,5.0,5.0,0.0,SEC_GAYA_DHN,0.43,Clear,0.0,3.6,1192.0,259.0,Historical Operational Log (NTES Aligned)
J_12302_20260817,12302,New Delhi - Howrah Rajdhani Express,Rajdhani,1,2026-08-17,HWH,Howrah Junction,6,False,True,2026-08-18T09:55:00,2026-08-18T09:55:00,0.0,2026-08-18T09:55:00,2026-08-18T09:55:00,0.0,0.0,0.0,0.0,SEC_DHN_HWH,0.41,Clear,0.0,2.7,1451.0,0.0,Historical Operational Log (NTES Aligned)
J_12951_20260817,12951,Mumbai Central - New Delhi Rajdhani Express,Rajdhani,1,2026-08-17,MMCT,Mumbai Central,0,True,False,2026-08-17T17:00:00,2026-08-17T17:00:00,0.0,2026-08-17T17:00:00,2026-08-17T17:00:00,0.0,0.0,0.0,0.0,ORIGIN,0.3,Clear,0.0,1.9,0.0,1386.0,Historical Operational Log (NTES Aligned)
J_12951_20260817,12951,Mumbai Central - New Delhi Rajdhani Express,Rajdhani,1,2026-08-17,BRC,Vadodara Junction,1,False,False,2026-08-17T21:03:00,2026-08-17T21:03:00,0.0,2026-08-17T21:13:00,2026-08-17T21:13:00,0.0,10.0,10.0,0.0,SEC_MMCT_BRC,0.25,Clear,0.0,4.7,393.0,993.0,Historical Operational Log (NTES Aligned)
J_12951_20260817,12951,Mumbai Central - New Delhi Rajdhani Express,Rajdhani,1,2026-08-17,RTM,Ratlam Junction,2,False,False,2026-08-18T00:25:00,2026-08-18T00:25:00,0.0,2026-08-18T00:28:00,2026-08-18T00:28:00,0.0,3.0,3.0,0.0,SEC_BRC_RTM,0.23,Clear,0.0,0.5,653.0,733.0,Historical Operational Log (NTES Aligned)
J_12951_20260817,12951,Mumbai Central - New Delhi Rajdhani Express,Rajdhani,1,2026-08-17,KOTA,Kota Junction,3,False,False,2026-08-18T03:15:00,2026-08-18T03:15:00,0.0,2026-08-18T03:25:00,2026-08-18T03:25:00,0.0,10.0,10.0,0.0,SEC_RTM_KOTA,0.26,Clear,0.0,2.6,920.0,466.0,Historical Operational Log (NTES Aligned)
J_12951_20260817,12951,Mumbai Central - New Delhi Rajdhani Express,Rajdhani,1,2026-08-17,MTJ,Mathura Junction,4,False,False,2026-08-18T06:43:00,2026-08-18T06:43:00,0.0,2026-08-18T06:45:00,2026-08-18T06:45:00,0.0,2.0,2.0,0.0,SEC_KOTA_MTJ,0.32,Clear,0.0,2.1,1244.0,142.0,Historical Operational Log (NTES Aligned)
J_12951_20260817,12951,Mumbai Central - New Delhi Rajdhani Express,Rajdhani,1,2026-08-17,NDLS,New Delhi,5,False,True,2026-08-18T08:32:00,2026-08-18T08:32:00,0.0,2026-08-18T08:32:00,2026-08-18T08:32:00,0.0,0.0,0.0,0.0,SEC_MTJ_NDLS,0.26,Clear,0.0,3.8,1386.0,0.0,Historical Operational Log (NTES Aligned)
J_22436_20260817,22436,New Delhi - Varanasi Vande Bharat Express,Vande Bharat,1,2026-08-17,NDLS,New Delhi,0,True,False,2026-08-17T06:00:00,2026-08-17T06:00:00,0.0,2026-08-17T06:00:00,2026-08-17T06:00:00,0.0,0.0,0.0,0.0,ORIGIN,0.3,Clear,0.0,0.9,0.0,759.0,Historical Operational Log (NTES Aligned)
J_22436_20260817,22436,New Delhi - Varanasi Vande Bharat Express,Vande Bharat,1,2026-08-17,CNB,Kanpur Central,1,False,False,2026-08-17T10:08:00,2026-08-17T10:10:54,2.9,2026-08-17T10:10:00,2026-08-17T10:12:54,2.9,2.0,2.0,0.0,SEC_NDLS_CNB,0.55,Clear,0.0,2.8,440.0,319.0,Historical Operational Log (NTES Aligned)
J_22436_20260817,22436,New Delhi - Varanasi Vande Bharat Express,Vande Bharat,1,2026-08-17,PRYJ,Prayagraj Junction,2,False,False,2026-08-17T12:08:00,2026-08-17T12:08:42,0.7,2026-08-17T12:10:00,2026-08-17T12:10:42,0.7,2.0,2.0,0.0,SEC_CNB_PRYJ,0.16,Clear,0.0,4.3,634.0,125.0,Historical Operational Log (NTES Aligned)
J_22436_20260817,22436,New Delhi - Varanasi Vande Bharat Express,Vande Bharat,1,2026-08-17,BSB,Varanasi Junction,3,False,True,2026-08-17T14:00:00,2026-08-17T14:00:00,0.0,2026-08-17T14:00:00,2026-08-17T14:00:00,0.0,0.0,0.0,0.0,SEC_PRYJ_BSB,0.28,Clear,0.0,0.0,759.0,0.0,Historical Operational Log (NTES Aligned)
J_12004_20260817,12004,New Delhi - Lucknow Shatabdi Express,Shatabdi,1,2026-08-17,NDLS,New Delhi,0,True,False,2026-08-17T06:10:00,2026-08-17T06:15:48,5.8,2026-08-17T06:10:00,2026-08-17T06:15:48,5.8,0.0,0.0,0.0,ORIGIN,0.3,Clear,0.0,4.3,0.0,512.0,Historical Operational Log (NTES Aligned)
J_12004_20260817,12004,New Delhi - Lucknow Shatabdi Express,Shatabdi,1,2026-08-17,CNB,Kanpur Central,1,False,False,2026-08-17T11:20:00,2026-08-17T11:20:00,0.0,2026-08-17T11:25:00,2026-08-17T11:25:00,0.0,5.0,5.0,0.0,SEC_NDLS_CNB,0.37,Clear,0.0,0.8,440.0,72.0,Historical Operational Log (NTES Aligned)
J_12004_20260817,12004,New Delhi - Lucknow Shatabdi Express,Shatabdi,1,2026-08-17,LKO,Lucknow Charbagh,2,False,True,2026-08-17T12:40:00,2026-08-17T12:40:00,0.0,2026-08-17T12:40:00,2026-08-17T12:40:00,0.0,0.0,0.0,0.0,SEC_CNB_LKO,0.24,Clear,0.0,2.1,512.0,0.0,Historical Operational Log (NTES Aligned)
J_12301_20260818,12301,Howrah - New Delhi Rajdhani Express,Rajdhani,1,2026-08-18,HWH,Howrah Junction,0,True,False,2026-08-18T16:50:00,2026-08-18T16:50:00,0.0,2026-08-18T16:50:00,2026-08-18T16:50:00,0.0,0.0,0.0,0.0,ORIGIN,0.3,Clear,0.0,2.6,0.0,1451.0,Historical Operational Log (NTES Aligned)
J_12301_20260818,12301,Howrah - New Delhi Rajdhani Express,Rajdhani,1,2026-08-18,DHN,Dhanbad Junction,1,False,False,2026-08-18T19:55:00,2026-08-18T19:55:00,0.0,2026-08-18T20:00:00,2026-08-18T20:00:00,0.0,5.0,5.0,0.0,SEC_HWH_DHN,0.24,Clear,0.0,3.9,259.0,1192.0,Historical Operational Log (NTES Aligned)
J_12301_20260818,12301,Howrah - New Delhi Rajdhani Express,Rajdhani,1,2026-08-18,GAYA,Gaya Junction,2,False,False,2026-08-18T22:34:00,2026-08-18T22:34:00,0.0,2026-08-18T22:37:00,2026-08-18T22:37:00,0.0,3.0,3.0,0.0,SEC_DHN_GAYA,0.34,Clear,0.0,0.0,459.0,992.0,Historical Operational Log (NTES Aligned)
J_12301_20260818,12301,Howrah - New Delhi Rajdhani Express,Rajdhani,1,2026-08-18,DDU,Pt. Deen Dayal Upadhyaya Jn,3,False,False,2026-08-19T00:45:00,2026-08-19T00:45:00,0.0,2026-08-19T00:55:00,2026-08-19T00:55:00,0.0,10.0,10.0,0.0,SEC_GAYA_DDU,0.21,Clear,0.0,4.5,664.0,787.0,Historical Operational Log (NTES Aligned)
J_12301_20260818,12301,Howrah - New Delhi Rajdhani Express,Rajdhani,1,2026-08-18,PRYJ,Prayagraj Junction,4,False,False,2026-08-19T02:43:00,2026-08-19T02:43:00,0.0,2026-08-19T02:45:00,2026-08-19T02:45:00,0.0,2.0,2.0,0.0,SEC_DDU_PRYJ,0.29,Clear,0.0,2.7,817.0,634.0,Historical Operational Log (NTES Aligned)
J_12301_20260818,12301,Howrah - New Delhi Rajdhani Express,Rajdhani,1,2026-08-18,CNB,Kanpur Central,5,False,False,2026-08-19T04:50:00,2026-08-19T04:50:00,0.0,2026-08-19T04:55:00,2026-08-19T04:55:00,0.0,5.0,5.0,0.0,SEC_PRYJ_CNB,0.18,Clear,0.0,1.8,1011.0,440.0,Historical Operational Log (NTES Aligned)
J_12301_20260818,12301,Howrah - New Delhi Rajdhani Express,Rajdhani,1,2026-08-18,NDLS,New Delhi,6,False,True,2026-08-19T10:05:00,2026-08-19T10:05:24,0.4,2026-08-19T10:05:00,2026-08-19T10:05:24,0.4,0.0,0.0,0.0,SEC_CNB_NDLS,0.29,Clear,0.0,1.3,1451.0,0.0,Historical Operational Log (NTES Aligned)
J_12302_20260818,12302,New Delhi - Howrah Rajdhani Express,Rajdhani,1,2026-08-18,NDLS,New Delhi,0,True,False,2026-08-18T16:55:00,2026-08-18T16:55:00,0.0,2026-08-18T16:55:00,2026-08-18T16:55:00,0.0,0.0,0.0,0.0,ORIGIN,0.3,Clear,0.0,4.4,0.0,1451.0,Historical Operational Log (NTES Aligned)
J_12302_20260818,12302,New Delhi - Howrah Rajdhani Express,Rajdhani,1,2026-08-18,CNB,Kanpur Central,1,False,False,2026-08-18T21:32:00,2026-08-18T21:32:00,0.0,2026-08-18T21:37:00,2026-08-18T21:37:00,0.0,5.0,5.0,0.0,SEC_NDLS_CNB,0.52,Clear,0.0,2.5,440.0,1011.0,Historical Operational Log (NTES Aligned)
J_12302_20260818,12302,New Delhi - Howrah Rajdhani Express,Rajdhani,1,2026-08-18,PRYJ,Prayagraj Junction,2,False,False,2026-08-18T23:43:00,2026-08-18T23:43:00,0.0,2026-08-18T23:45:00,2026-08-18T23:45:00,0.0,2.0,2.0,0.0,SEC_CNB_PRYJ,0.44,Clear,0.0,4.6,634.0,817.0,Historical Operational Log (NTES Aligned)
J_12302_20260818,12302,New Delhi - Howrah Rajdhani Express,Rajdhani,1,2026-08-18,DDU,Pt. Deen Dayal Upadhyaya Jn,3,False,False,2026-08-19T01:42:00,2026-08-19T01:42:00,0.0,2026-08-19T01:52:00,2026-08-19T01:52:00,0.0,10.0,10.0,0.0,SEC_PRYJ_DDU,0.27,Clear,0.0,2.6,787.0,664.0,Historical Operational Log (NTES Aligned)
J_12302_20260818,12302,New Delhi - Howrah Rajdhani Express,Rajdhani,1,2026-08-18,GAYA,Gaya Junction,4,False,False,2026-08-19T03:55:00,2026-08-19T03:55:00,0.0,2026-08-19T03:58:00,2026-08-19T03:58:00,0.0,3.0,3.0,0.0,SEC_DDU_GAYA,0.32,Clear,0.0,4.1,992.0,459.0,Historical Operational Log (NTES Aligned)
J_12302_20260818,12302,New Delhi - Howrah Rajdhani Express,Rajdhani,1,2026-08-18,DHN,Dhanbad Junction,5,False,False,2026-08-19T06:33:00,2026-08-19T06:33:00,0.0,2026-08-19T06:38:00,2026-08-19T06:38:00,0.0,5.0,5.0,0.0,SEC_GAYA_DHN,0.46,Clear,0.0,2.2,1192.0,259.0,Historical Operational Log (NTES Aligned)
J_12302_20260818,12302,New Delhi - Howrah Rajdhani Express,Rajdhani,1,2026-08-18,HWH,Howrah Junction,6,False,True,2026-08-19T09:55:00,2026-08-19T09:55:00,0.0,2026-08-19T09:55:00,2026-08-19T09:55:00,0.0,0.0,0.0,0.0,SEC_DHN_HWH,0.48,Clear,0.0,3.7,1451.0,0.0,Historical Operational Log (NTES Aligned)
J_12951_20260818,12951,Mumbai Central - New Delhi Rajdhani Express,Rajdhani,1,2026-08-18,MMCT,Mumbai Central,0,True,False,2026-08-18T17:00:00,2026-08-18T17:11:24,11.4,2026-08-18T17:00:00,2026-08-18T17:11:24,11.4,0.0,0.0,0.0,ORIGIN,0.3,Clear,0.0,3.2,0.0,1386.0,Historical Operational Log (NTES Aligned)
J_12951_20260818,12951,Mumbai Central - New Delhi Rajdhani Express,Rajdhani,1,2026-08-18,BRC,Vadodara Junction,1,False,False,2026-08-18T21:03:00,2026-08-18T21:04:36,1.6,2026-08-18T21:13:00,2026-08-18T21:14:36,1.6,10.0,10.0,0.0,SEC_MMCT_BRC,0.1,Clear,0.0,1.3,393.0,993.0,Historical Operational Log (NTES Aligned)
J_12951_20260818,12951,Mumbai Central - New Delhi Rajdhani Express,Rajdhani,1,2026-08-18,RTM,Ratlam Junction,2,False,False,2026-08-19T00:25:00,2026-08-19T00:25:00,0.0,2026-08-19T00:28:00,2026-08-19T00:28:00,0.0,3.0,3.0,0.0,SEC_BRC_RTM,0.1,Clear,0.0,3.2,653.0,733.0,Historical Operational Log (NTES Aligned)
J_12951_20260818,12951,Mumbai Central - New Delhi Rajdhani Express,Rajdhani,1,2026-08-18,KOTA,Kota Junction,3,False,False,2026-08-19T03:15:00,2026-08-19T03:15:00,0.0,2026-08-19T03:25:00,2026-08-19T03:25:00,0.0,10.0,10.0,0.0,SEC_RTM_KOTA,0.31,Clear,0.0,1.0,920.0,466.0,Historical Operational Log (NTES Aligned)
J_12951_20260818,12951,Mumbai Central - New Delhi Rajdhani Express,Rajdhani,1,2026-08-18,MTJ,Mathura Junction,4,False,False,2026-08-19T06:43:00,2026-08-19T06:43:00,0.0,2026-08-19T06:45:00,2026-08-19T06:45:00,0.0,2.0,2.0,0.0,SEC_KOTA_MTJ,0.14,Clear,0.0,1.0,1244.0,142.0,Historical Operational Log (NTES Aligned)
J_12951_20260818,12951,Mumbai Central - New Delhi Rajdhani Express,Rajdhani,1,2026-08-18,NDLS,New Delhi,5,False,True,2026-08-19T08:32:00,2026-08-19T08:32:00,0.0,2026-08-19T08:32:00,2026-08-19T08:32:00,0.0,0.0,0.0,0.0,SEC_MTJ_NDLS,0.44,Clear,0.0,0.0,1386.0,0.0,Historical Operational Log (NTES Aligned)
J_22436_20260818,22436,New Delhi - Varanasi Vande Bharat Express,Vande Bharat,1,2026-08-18,NDLS,New Delhi,0,True,False,2026-08-18T06:00:00,2026-08-18T06:00:00,0.0,2026-08-18T06:00:00,2026-08-18T06:00:00,0.0,0.0,0.0,0.0,ORIGIN,0.3,Light Rain,0.0,2.8,0.0,759.0,Historical Operational Log (NTES Aligned)
J_22436_20260818,22436,New Delhi - Varanasi Vande Bharat Express,Vande Bharat,1,2026-08-18,CNB,Kanpur Central,1,False,False,2026-08-18T10:08:00,2026-08-18T10:08:00,0.0,2026-08-18T10:10:00,2026-08-18T10:10:00,0.0,2.0,2.0,0.0,SEC_NDLS_CNB,0.14,Light Rain,0.0,0.0,440.0,319.0,Historical Operational Log (NTES Aligned)
J_22436_20260818,22436,New Delhi - Varanasi Vande Bharat Express,Vande Bharat,1,2026-08-18,PRYJ,Prayagraj Junction,2,False,False,2026-08-18T12:08:00,2026-08-18T12:08:54,0.9,2026-08-18T12:10:00,2026-08-18T12:10:54,0.9,2.0,2.0,0.0,SEC_CNB_PRYJ,0.44,Light Rain,0.0,0.0,634.0,125.0,Historical Operational Log (NTES Aligned)
J_22436_20260818,22436,New Delhi - Varanasi Vande Bharat Express,Vande Bharat,1,2026-08-18,BSB,Varanasi Junction,3,False,True,2026-08-18T14:00:00,2026-08-18T14:00:00,0.0,2026-08-18T14:00:00,2026-08-18T14:00:00,0.0,0.0,0.0,0.0,SEC_PRYJ_BSB,0.1,Light Rain,0.0,2.2,759.0,0.0,Historical Operational Log (NTES Aligned)
J_12004_20260818,12004,New Delhi - Lucknow Shatabdi Express,Shatabdi,1,2026-08-18,NDLS,New Delhi,0,True,False,2026-08-18T06:10:00,2026-08-18T06:35:36,25.6,2026-08-18T06:10:00,2026-08-18T06:37:48,27.8,0.0,2.2,2.2,ORIGIN,0.3,Clear,0.0,0.3,0.0,512.0,Historical Operational Log (NTES Aligned)
J_12004_20260818,12004,New Delhi - Lucknow Shatabdi Express,Shatabdi,1,2026-08-18,CNB,Kanpur Central,1,False,False,2026-08-18T11:20:00,2026-08-18T11:46:24,26.4,2026-08-18T11:25:00,2026-08-18T11:52:48,27.8,5.0,6.4,1.4,SEC_NDLS_CNB,0.46,Clear,0.0,3.4,440.0,72.0,Historical Operational Log (NTES Aligned)
J_12004_20260818,12004,New Delhi - Lucknow Shatabdi Express,Shatabdi,1,2026-08-18,LKO,Lucknow Charbagh,2,False,True,2026-08-18T12:40:00,2026-08-18T13:00:30,20.5,2026-08-18T12:40:00,2026-08-18T13:02:24,22.4,0.0,1.9,1.9,SEC_CNB_LKO,0.19,Clear,0.0,0.0,512.0,0.0,Historical Operational Log (NTES Aligned)
J_12301_20260819,12301,Howrah - New Delhi Rajdhani Express,Rajdhani,1,2026-08-19,HWH,Howrah Junction,0,True,False,2026-08-19T16:50:00,2026-08-19T16:50:00,0.0,2026-08-19T16:50:00,2026-08-19T16:50:00,0.0,0.0,0.0,0.0,ORIGIN,0.3,Clear,0.0,0.0,0.0,1451.0,Historical Operational Log (NTES Aligned)
J_12301_20260819,12301,Howrah - New Delhi Rajdhani Express,Rajdhani,1,2026-08-19,DHN,Dhanbad Junction,1,False,False,2026-08-19T19:55:00,2026-08-19T19:55:00,0.0,2026-08-19T20:00:00,2026-08-19T20:00:00,0.0,5.0,5.0,0.0,SEC_HWH_DHN,0.17,Clear,0.0,0.0,259.0,1192.0,Historical Operational Log (NTES Aligned)
J_12301_20260819,12301,Howrah - New Delhi Rajdhani Express,Rajdhani,1,2026-08-19,GAYA,Gaya Junction,2,False,False,2026-08-19T22:34:00,2026-08-19T22:34:00,0.0,2026-08-19T22:37:00,2026-08-19T22:37:00,0.0,3.0,3.0,0.0,SEC_DHN_GAYA,0.1,Clear,0.0,0.0,459.0,992.0,Historical Operational Log (NTES Aligned)
J_12301_20260819,12301,Howrah - New Delhi Rajdhani Express,Rajdhani,1,2026-08-19,DDU,Pt. Deen Dayal Upadhyaya Jn,3,False,False,2026-08-20T00:45:00,2026-08-20T00:45:54,0.9,2026-08-20T00:55:00,2026-08-20T00:55:54,0.9,10.0,10.0,0.0,SEC_GAYA_DDU,0.22,Clear,0.0,0.6,664.0,787.0,Historical Operational Log (NTES Aligned)
J_12301_20260819,12301,Howrah - New Delhi Rajdhani Express,Rajdhani,1,2026-08-19,PRYJ,Prayagraj Junction,4,False,False,2026-08-20T02:43:00,2026-08-20T02:43:00,0.0,2026-08-20T02:45:00,2026-08-20T02:45:00,0.0,2.0,2.0,0.0,SEC_DDU_PRYJ,0.26,Clear,0.0,3.3,817.0,634.0,Historical Operational Log (NTES Aligned)
J_12301_20260819,12301,Howrah - New Delhi Rajdhani Express,Rajdhani,1,2026-08-19,CNB,Kanpur Central,5,False,False,2026-08-20T04:50:00,2026-08-20T04:50:42,0.7,2026-08-20T04:55:00,2026-08-20T04:55:42,0.7,5.0,5.0,0.0,SEC_PRYJ_CNB,0.6,Clear,0.0,5.9,1011.0,440.0,Historical Operational Log (NTES Aligned)
J_12301_20260819,12301,Howrah - New Delhi Rajdhani Express,Rajdhani,1,2026-08-19,NDLS,New Delhi,6,False,True,2026-08-20T10:05:00,2026-08-20T10:05:00,0.0,2026-08-20T10:05:00,2026-08-20T10:05:00,0.0,0.0,0.0,0.0,SEC_CNB_NDLS,0.18,Clear,0.0,2.4,1451.0,0.0,Historical Operational Log (NTES Aligned)
J_12302_20260819,12302,New Delhi - Howrah Rajdhani Express,Rajdhani,1,2026-08-19,NDLS,New Delhi,0,True,False,2026-08-19T16:55:00,2026-08-19T17:17:36,22.6,2026-08-19T16:55:00,2026-08-19T17:21:18,26.3,0.0,3.7,3.7,ORIGIN,0.3,Light Rain,0.0,0.0,0.0,1451.0,Historical Operational Log (NTES Aligned)
J_12302_20260819,12302,New Delhi - Howrah Rajdhani Express,Rajdhani,1,2026-08-19,CNB,Kanpur Central,1,False,False,2026-08-19T21:32:00,2026-08-19T21:51:48,19.8,2026-08-19T21:37:00,2026-08-19T22:01:06,24.1,5.0,9.3,4.3,SEC_NDLS_CNB,0.45,Light Rain,0.0,0.8,440.0,1011.0,Historical Operational Log (NTES Aligned)
J_12302_20260819,12302,New Delhi - Howrah Rajdhani Express,Rajdhani,1,2026-08-19,PRYJ,Prayagraj Junction,2,False,False,2026-08-19T23:43:00,2026-08-20T00:01:36,18.6,2026-08-19T23:45:00,2026-08-20T00:10:30,25.5,2.0,8.9,6.9,SEC_CNB_PRYJ,0.33,Light Rain,0.0,2.3,634.0,817.0,Historical Operational Log (NTES Aligned)
J_12302_20260819,12302,New Delhi - Howrah Rajdhani Express,Rajdhani,1,2026-08-19,DDU,Pt. Deen Dayal Upadhyaya Jn,3,False,False,2026-08-20T01:42:00,2026-08-20T01:52:18,10.3,2026-08-20T01:52:00,2026-08-20T02:02:18,10.3,10.0,10.0,0.0,SEC_PRYJ_DDU,0.14,Light Rain,0.0,0.4,787.0,664.0,Historical Operational Log (NTES Aligned)
J_12302_20260819,12302,New Delhi - Howrah Rajdhani Express,Rajdhani,1,2026-08-19,GAYA,Gaya Junction,4,False,False,2026-08-20T03:55:00,2026-08-20T03:59:36,4.6,2026-08-20T03:58:00,2026-08-20T04:02:36,4.6,3.0,3.0,0.0,SEC_DDU_GAYA,0.25,Light Rain,0.0,4.6,992.0,459.0,Historical Operational Log (NTES Aligned)
J_12302_20260819,12302,New Delhi - Howrah Rajdhani Express,Rajdhani,1,2026-08-19,DHN,Dhanbad Junction,5,False,False,2026-08-20T06:33:00,2026-08-20T06:33:00,0.0,2026-08-20T06:38:00,2026-08-20T06:38:00,0.0,5.0,5.0,0.0,SEC_GAYA_DHN,0.21,Light Rain,0.0,2.4,1192.0,259.0,Historical Operational Log (NTES Aligned)
J_12302_20260819,12302,New Delhi - Howrah Rajdhani Express,Rajdhani,1,2026-08-19,HWH,Howrah Junction,6,False,True,2026-08-20T09:55:00,2026-08-20T09:58:18,3.3,2026-08-20T09:55:00,2026-08-20T09:58:18,3.3,0.0,0.0,0.0,SEC_DHN_HWH,0.53,Light Rain,0.0,3.1,1451.0,0.0,Historical Operational Log (NTES Aligned)
J_12951_20260819,12951,Mumbai Central - New Delhi Rajdhani Express,Rajdhani,1,2026-08-19,MMCT,Mumbai Central,0,True,False,2026-08-19T17:00:00,2026-08-19T17:11:12,11.2,2026-08-19T17:00:00,2026-08-19T17:11:12,11.2,0.0,0.0,0.0,ORIGIN,0.3,Clear,0.0,3.6,0.0,1386.0,Historical Operational Log (NTES Aligned)
J_12951_20260819,12951,Mumbai Central - New Delhi Rajdhani Express,Rajdhani,1,2026-08-19,BRC,Vadodara Junction,1,False,False,2026-08-19T21:03:00,2026-08-19T21:12:00,9.0,2026-08-19T21:13:00,2026-08-19T21:22:00,9.0,10.0,10.0,0.0,SEC_MMCT_BRC,0.54,Clear,0.0,2.5,393.0,993.0,Historical Operational Log (NTES Aligned)
J_12951_20260819,12951,Mumbai Central - New Delhi Rajdhani Express,Rajdhani,1,2026-08-19,RTM,Ratlam Junction,2,False,False,2026-08-20T00:25:00,2026-08-20T00:30:48,5.8,2026-08-20T00:28:00,2026-08-20T00:33:48,5.8,3.0,3.0,0.0,SEC_BRC_RTM,0.17,Clear,0.0,4.8,653.0,733.0,Historical Operational Log (NTES Aligned)
J_12951_20260819,12951,Mumbai Central - New Delhi Rajdhani Express,Rajdhani,1,2026-08-19,KOTA,Kota Junction,3,False,False,2026-08-20T03:15:00,2026-08-20T03:15:06,0.1,2026-08-20T03:25:00,2026-08-20T03:25:06,0.1,10.0,10.0,0.0,SEC_RTM_KOTA,0.27,Clear,0.0,1.1,920.0,466.0,Historical Operational Log (NTES Aligned)
J_12951_20260819,12951,Mumbai Central - New Delhi Rajdhani Express,Rajdhani,1,2026-08-19,MTJ,Mathura Junction,4,False,False,2026-08-20T06:43:00,2026-08-20T06:43:00,0.0,2026-08-20T06:45:00,2026-08-20T06:45:00,0.0,2.0,2.0,0.0,SEC_KOTA_MTJ,0.15,Clear,0.0,0.0,1244.0,142.0,Historical Operational Log (NTES Aligned)
J_12951_20260819,12951,Mumbai Central - New Delhi Rajdhani Express,Rajdhani,1,2026-08-19,NDLS,New Delhi,5,False,True,2026-08-20T08:32:00,2026-08-20T08:33:00,1.0,2026-08-20T08:32:00,2026-08-20T08:33:00,1.0,0.0,0.0,0.0,SEC_MTJ_NDLS,0.37,Clear,0.0,3.7,1386.0,0.0,Historical Operational Log (NTES Aligned)
J_22436_20260819,22436,New Delhi - Varanasi Vande Bharat Express,Vande Bharat,1,2026-08-19,NDLS,New Delhi,0,True,False,2026-08-19T06:00:00,2026-08-19T06:00:00,0.0,2026-08-19T06:00:00,2026-08-19T06:00:00,0.0,0.0,0.0,0.0,ORIGIN,0.3,Clear,0.0,2.9,0.0,759.0,Historical Operational Log (NTES Aligned)
J_22436_20260819,22436,New Delhi - Varanasi Vande Bharat Express,Vande Bharat,1,2026-08-19,CNB,Kanpur Central,1,False,False,2026-08-19T10:08:00,2026-08-19T10:08:00,0.0,2026-08-19T10:10:00,2026-08-19T10:10:00,0.0,2.0,2.0,0.0,SEC_NDLS_CNB,0.28,Clear,0.0,1.1,440.0,319.0,Historical Operational Log (NTES Aligned)
J_22436_20260819,22436,New Delhi - Varanasi Vande Bharat Express,Vande Bharat,1,2026-08-19,PRYJ,Prayagraj Junction,2,False,False,2026-08-19T12:08:00,2026-08-19T12:08:00,0.0,2026-08-19T12:10:00,2026-08-19T12:10:00,0.0,2.0,2.0,0.0,SEC_CNB_PRYJ,0.1,Clear,0.0,2.8,634.0,125.0,Historical Operational Log (NTES Aligned)
J_22436_20260819,22436,New Delhi - Varanasi Vande Bharat Express,Vande Bharat,1,2026-08-19,BSB,Varanasi Junction,3,False,True,2026-08-19T14:00:00,2026-08-19T14:00:00,0.0,2026-08-19T14:00:00,2026-08-19T14:00:00,0.0,0.0,0.0,0.0,SEC_PRYJ_BSB,0.3,Clear,0.0,4.2,759.0,0.0,Historical Operational Log (NTES Aligned)
J_12004_20260819,12004,New Delhi - Lucknow Shatabdi Express,Shatabdi,1,2026-08-19,NDLS,New Delhi,0,True,False,2026-08-19T06:10:00,2026-08-19T06:18:30,8.5,2026-08-19T06:10:00,2026-08-19T06:18:30,8.5,0.0,0.0,0.0,ORIGIN,0.3,Clear,0.0,0.0,0.0,512.0,Historical Operational Log (NTES Aligned)
J_12004_20260819,12004,New Delhi - Lucknow Shatabdi Express,Shatabdi,1,2026-08-19,CNB,Kanpur Central,1,False,False,2026-08-19T11:20:00,2026-08-19T11:23:00,3.0,2026-08-19T11:25:00,2026-08-19T11:28:00,3.0,5.0,5.0,0.0,SEC_NDLS_CNB,0.1,Clear,0.0,1.6,440.0,72.0,Historical Operational Log (NTES Aligned)
J_12004_20260819,12004,New Delhi - Lucknow Shatabdi Express,Shatabdi,1,2026-08-19,LKO,Lucknow Charbagh,2,False,True,2026-08-19T12:40:00,2026-08-19T12:40:00,0.0,2026-08-19T12:40:00,2026-08-19T12:40:00,0.0,0.0,0.0,0.0,SEC_CNB_LKO,0.15,Clear,0.0,0.8,512.0,0.0,Historical Operational Log (NTES Aligned)
J_12301_20260820,12301,Howrah - New Delhi Rajdhani Express,Rajdhani,1,2026-08-20,HWH,Howrah Junction,0,True,False,2026-08-20T16:50:00,2026-08-20T16:50:00,0.0,2026-08-20T16:50:00,2026-08-20T16:50:00,0.0,0.0,0.0,0.0,ORIGIN,0.3,Clear,0.0,1.6,0.0,1451.0,Historical Operational Log (NTES Aligned)
J_12301_20260820,12301,Howrah - New Delhi Rajdhani Express,Rajdhani,1,2026-08-20,DHN,Dhanbad Junction,1,False,False,2026-08-20T19:55:00,2026-08-20T19:55:00,0.0,2026-08-20T20:00:00,2026-08-20T20:00:00,0.0,5.0,5.0,0.0,SEC_HWH_DHN,0.52,Clear,0.0,3.0,259.0,1192.0,Historical Operational Log (NTES Aligned)
J_12301_20260820,12301,Howrah - New Delhi Rajdhani Express,Rajdhani,1,2026-08-20,GAYA,Gaya Junction,2,False,False,2026-08-20T22:34:00,2026-08-20T22:34:12,0.2,2026-08-20T22:37:00,2026-08-20T22:37:12,0.2,3.0,3.0,0.0,SEC_DHN_GAYA,0.4,Clear,0.0,5.0,459.0,992.0,Historical Operational Log (NTES Aligned)
J_12301_20260820,12301,Howrah - New Delhi Rajdhani Express,Rajdhani,1,2026-08-20,DDU,Pt. Deen Dayal Upadhyaya Jn,3,False,False,2026-08-21T00:45:00,2026-08-21T00:47:06,2.1,2026-08-21T00:55:00,2026-08-21T00:57:06,2.1,10.0,10.0,0.0,SEC_GAYA_DDU,0.38,Clear,0.0,1.3,664.0,787.0,Historical Operational Log (NTES Aligned)
J_12301_20260820,12301,Howrah - New Delhi Rajdhani Express,Rajdhani,1,2026-08-20,PRYJ,Prayagraj Junction,4,False,False,2026-08-21T02:43:00,2026-08-21T02:43:00,0.0,2026-08-21T02:45:00,2026-08-21T02:45:00,0.0,2.0,2.0,0.0,SEC_DDU_PRYJ,0.11,Clear,0.0,2.8,817.0,634.0,Historical Operational Log (NTES Aligned)
J_12301_20260820,12301,Howrah - New Delhi Rajdhani Express,Rajdhani,1,2026-08-20,CNB,Kanpur Central,5,False,False,2026-08-21T04:50:00,2026-08-21T04:50:00,0.0,2026-08-21T04:55:00,2026-08-21T04:55:00,0.0,5.0,5.0,0.0,SEC_PRYJ_CNB,0.2,Clear,0.0,1.1,1011.0,440.0,Historical Operational Log (NTES Aligned)
J_12301_20260820,12301,Howrah - New Delhi Rajdhani Express,Rajdhani,1,2026-08-20,NDLS,New Delhi,6,False,True,2026-08-21T10:05:00,2026-08-21T10:05:00,0.0,2026-08-21T10:05:00,2026-08-21T10:05:00,0.0,0.0,0.0,0.0,SEC_CNB_NDLS,0.19,Clear,0.0,4.9,1451.0,0.0,Historical Operational Log (NTES Aligned)
J_12302_20260820,12302,New Delhi - Howrah Rajdhani Express,Rajdhani,1,2026-08-20,NDLS,New Delhi,0,True,False,2026-08-20T16:55:00,2026-08-20T17:00:00,5.0,2026-08-20T16:55:00,2026-08-20T17:00:00,5.0,0.0,0.0,0.0,ORIGIN,0.3,Clear,0.0,0.9,0.0,1451.0,Historical Operational Log (NTES Aligned)
J_12302_20260820,12302,New Delhi - Howrah Rajdhani Express,Rajdhani,1,2026-08-20,CNB,Kanpur Central,1,False,False,2026-08-20T21:32:00,2026-08-20T21:33:48,1.8,2026-08-20T21:37:00,2026-08-20T21:38:48,1.8,5.0,5.0,0.0,SEC_NDLS_CNB,0.31,Clear,0.0,5.0,440.0,1011.0,Historical Operational Log (NTES Aligned)
J_12302_20260820,12302,New Delhi - Howrah Rajdhani Express,Rajdhani,1,2026-08-20,PRYJ,Prayagraj Junction,2,False,False,2026-08-20T23:43:00,2026-08-20T23:43:00,0.0,2026-08-20T23:45:00,2026-08-20T23:45:00,0.0,2.0,2.0,0.0,SEC_CNB_PRYJ,0.15,Clear,0.0,2.6,634.0,817.0,Historical Operational Log (NTES Aligned)
J_12302_20260820,12302,New Delhi - Howrah Rajdhani Express,Rajdhani,1,2026-08-20,DDU,Pt. Deen Dayal Upadhyaya Jn,3,False,False,2026-08-21T01:42:00,2026-08-21T01:48:54,6.9,2026-08-21T01:52:00,2026-08-21T01:58:54,6.9,10.0,10.0,0.0,SEC_PRYJ_DDU,0.45,Clear,0.0,2.4,787.0,664.0,Historical Operational Log (NTES Aligned)
J_12302_20260820,12302,New Delhi - Howrah Rajdhani Express,Rajdhani,1,2026-08-20,GAYA,Gaya Junction,4,False,False,2026-08-21T03:55:00,2026-08-21T03:56:48,1.8,2026-08-21T03:58:00,2026-08-21T03:59:48,1.8,3.0,3.0,0.0,SEC_DDU_GAYA,0.1,Clear,0.0,1.3,992.0,459.0,Historical Operational Log (NTES Aligned)
J_12302_20260820,12302,New Delhi - Howrah Rajdhani Express,Rajdhani,1,2026-08-20,DHN,Dhanbad Junction,5,False,False,2026-08-21T06:33:00,2026-08-21T06:33:00,0.0,2026-08-21T06:38:00,2026-08-21T06:38:00,0.0,5.0,5.0,0.0,SEC_GAYA_DHN,0.32,Clear,0.0,0.3,1192.0,259.0,Historical Operational Log (NTES Aligned)
J_12302_20260820,12302,New Delhi - Howrah Rajdhani Express,Rajdhani,1,2026-08-20,HWH,Howrah Junction,6,False,True,2026-08-21T09:55:00,2026-08-21T09:55:00,0.0,2026-08-21T09:55:00,2026-08-21T09:55:00,0.0,0.0,0.0,0.0,SEC_DHN_HWH,0.38,Clear,0.0,3.3,1451.0,0.0,Historical Operational Log (NTES Aligned)
J_12951_20260820,12951,Mumbai Central - New Delhi Rajdhani Express,Rajdhani,1,2026-08-20,MMCT,Mumbai Central,0,True,False,2026-08-20T17:00:00,2026-08-20T17:00:00,0.0,2026-08-20T17:00:00,2026-08-20T17:00:00,0.0,0.0,0.0,0.0,ORIGIN,0.3,Clear,0.0,2.4,0.0,1386.0,Historical Operational Log (NTES Aligned)
J_12951_20260820,12951,Mumbai Central - New Delhi Rajdhani Express,Rajdhani,1,2026-08-20,BRC,Vadodara Junction,1,False,False,2026-08-20T21:03:00,2026-08-20T21:03:00,0.0,2026-08-20T21:13:00,2026-08-20T21:13:00,0.0,10.0,10.0,0.0,SEC_MMCT_BRC,0.28,Clear,0.0,1.2,393.0,993.0,Historical Operational Log (NTES Aligned)
J_12951_20260820,12951,Mumbai Central - New Delhi Rajdhani Express,Rajdhani,1,2026-08-20,RTM,Ratlam Junction,2,False,False,2026-08-21T00:25:00,2026-08-21T00:25:00,0.0,2026-08-21T00:28:00,2026-08-21T00:28:00,0.0,3.0,3.0,0.0,SEC_BRC_RTM,0.21,Clear,0.0,1.7,653.0,733.0,Historical Operational Log (NTES Aligned)
J_12951_20260820,12951,Mumbai Central - New Delhi Rajdhani Express,Rajdhani,1,2026-08-20,KOTA,Kota Junction,3,False,False,2026-08-21T03:15:00,2026-08-21T03:15:00,0.0,2026-08-21T03:25:00,2026-08-21T03:25:00,0.0,10.0,10.0,0.0,SEC_RTM_KOTA,0.21,Clear,0.0,1.3,920.0,466.0,Historical Operational Log (NTES Aligned)
J_12951_20260820,12951,Mumbai Central - New Delhi Rajdhani Express,Rajdhani,1,2026-08-20,MTJ,Mathura Junction,4,False,False,2026-08-21T06:43:00,2026-08-21T06:43:00,0.0,2026-08-21T06:45:00,2026-08-21T06:45:00,0.0,2.0,2.0,0.0,SEC_KOTA_MTJ,0.41,Clear,0.0,0.2,1244.0,142.0,Historical Operational Log (NTES Aligned)
J_12951_20260820,12951,Mumbai Central - New Delhi Rajdhani Express,Rajdhani,1,2026-08-20,NDLS,New Delhi,5,False,True,2026-08-21T08:32:00,2026-08-21T08:32:00,0.0,2026-08-21T08:32:00,2026-08-21T08:32:00,0.0,0.0,0.0,0.0,SEC_MTJ_NDLS,0.14,Clear,0.0,1.3,1386.0,0.0,Historical Operational Log (NTES Aligned)
J_22436_20260820,22436,New Delhi - Varanasi Vande Bharat Express,Vande Bharat,1,2026-08-20,NDLS,New Delhi,0,True,False,2026-08-20T06:00:00,2026-08-20T06:00:00,0.0,2026-08-20T06:00:00,2026-08-20T06:00:00,0.0,0.0,0.0,0.0,ORIGIN,0.3,Light Rain,0.0,2.3,0.0,759.0,Historical Operational Log (NTES Aligned)
J_22436_20260820,22436,New Delhi - Varanasi Vande Bharat Express,Vande Bharat,1,2026-08-20,CNB,Kanpur Central,1,False,False,2026-08-20T10:08:00,2026-08-20T10:08:00,0.0,2026-08-20T10:10:00,2026-08-20T10:10:00,0.0,2.0,2.0,0.0,SEC_NDLS_CNB,0.35,Light Rain,0.0,0.7,440.0,319.0,Historical Operational Log (NTES Aligned)
J_22436_20260820,22436,New Delhi - Varanasi Vande Bharat Express,Vande Bharat,1,2026-08-20,PRYJ,Prayagraj Junction,2,False,False,2026-08-20T12:08:00,2026-08-20T12:10:06,2.1,2026-08-20T12:10:00,2026-08-20T12:12:06,2.1,2.0,2.0,0.0,SEC_CNB_PRYJ,0.7,Light Rain,6.9,2.5,634.0,125.0,Historical Operational Log (NTES Aligned)
J_22436_20260820,22436,New Delhi - Varanasi Vande Bharat Express,Vande Bharat,1,2026-08-20,BSB,Varanasi Junction,3,False,True,2026-08-20T14:00:00,2026-08-20T14:00:00,0.0,2026-08-20T14:00:00,2026-08-20T14:00:00,0.0,0.0,0.0,0.0,SEC_PRYJ_BSB,0.22,Light Rain,0.0,3.4,759.0,0.0,Historical Operational Log (NTES Aligned)
J_12004_20260820,12004,New Delhi - Lucknow Shatabdi Express,Shatabdi,1,2026-08-20,NDLS,New Delhi,0,True,False,2026-08-20T06:10:00,2026-08-20T06:10:00,0.0,2026-08-20T06:10:00,2026-08-20T06:10:00,0.0,0.0,0.0,0.0,ORIGIN,0.3,Clear,0.0,1.2,0.0,512.0,Historical Operational Log (NTES Aligned)
J_12004_20260820,12004,New Delhi - Lucknow Shatabdi Express,Shatabdi,1,2026-08-20,CNB,Kanpur Central,1,False,False,2026-08-20T11:20:00,2026-08-20T11:20:48,0.8,2026-08-20T11:25:00,2026-08-20T11:25:48,0.8,5.0,5.0,0.0,SEC_NDLS_CNB,0.56,Clear,0.0,2.6,440.0,72.0,Historical Operational Log (NTES Aligned)
J_12004_20260820,12004,New Delhi - Lucknow Shatabdi Express,Shatabdi,1,2026-08-20,LKO,Lucknow Charbagh,2,False,True,2026-08-20T12:40:00,2026-08-20T12:40:00,0.0,2026-08-20T12:40:00,2026-08-20T12:40:00,0.0,0.0,0.0,0.0,SEC_CNB_LKO,0.35,Clear,0.0,4.6,512.0,0.0,Historical Operational Log (NTES Aligned)
J_12301_20260821,12301,Howrah - New Delhi Rajdhani Express,Rajdhani,1,2026-08-21,HWH,Howrah Junction,0,True,False,2026-08-21T16:50:00,2026-08-21T16:54:18,4.3,2026-08-21T16:50:00,2026-08-21T16:54:18,4.3,0.0,0.0,0.0,ORIGIN,0.3,Clear,0.0,1.4,0.0,1451.0,Historical Operational Log (NTES Aligned)
J_12301_20260821,12301,Howrah - New Delhi Rajdhani Express,Rajdhani,1,2026-08-21,DHN,Dhanbad Junction,1,False,False,2026-08-21T19:55:00,2026-08-21T19:57:12,2.2,2026-08-21T20:00:00,2026-08-21T20:02:12,2.2,5.0,5.0,0.0,SEC_HWH_DHN,0.64,Clear,0.5,2.5,259.0,1192.0,Historical Operational Log (NTES Aligned)
J_12301_20260821,12301,Howrah - New Delhi Rajdhani Express,Rajdhani,1,2026-08-21,GAYA,Gaya Junction,2,False,False,2026-08-21T22:34:00,2026-08-21T22:34:00,0.0,2026-08-21T22:37:00,2026-08-21T22:37:00,0.0,3.0,3.0,0.0,SEC_DHN_GAYA,0.45,Clear,0.0,3.0,459.0,992.0,Historical Operational Log (NTES Aligned)
J_12301_20260821,12301,Howrah - New Delhi Rajdhani Express,Rajdhani,1,2026-08-21,DDU,Pt. Deen Dayal Upadhyaya Jn,3,False,False,2026-08-22T00:45:00,2026-08-22T00:45:00,0.0,2026-08-22T00:55:00,2026-08-22T00:55:00,0.0,10.0,10.0,0.0,SEC_GAYA_DDU,0.1,Clear,0.0,2.4,664.0,787.0,Historical Operational Log (NTES Aligned)
J_12301_20260821,12301,Howrah - New Delhi Rajdhani Express,Rajdhani,1,2026-08-21,PRYJ,Prayagraj Junction,4,False,False,2026-08-22T02:43:00,2026-08-22T02:43:00,0.0,2026-08-22T02:45:00,2026-08-22T02:45:00,0.0,2.0,2.0,0.0,SEC_DDU_PRYJ,0.19,Clear,0.0,1.7,817.0,634.0,Historical Operational Log (NTES Aligned)
J_12301_20260821,12301,Howrah - New Delhi Rajdhani Express,Rajdhani,1,2026-08-21,CNB,Kanpur Central,5,False,False,2026-08-22T04:50:00,2026-08-22T04:50:00,0.0,2026-08-22T04:55:00,2026-08-22T04:55:00,0.0,5.0,5.0,0.0,SEC_PRYJ_CNB,0.24,Clear,0.0,3.8,1011.0,440.0,Historical Operational Log (NTES Aligned)
J_12301_20260821,12301,Howrah - New Delhi Rajdhani Express,Rajdhani,1,2026-08-21,NDLS,New Delhi,6,False,True,2026-08-22T10:05:00,2026-08-22T10:05:00,0.0,2026-08-22T10:05:00,2026-08-22T10:05:00,0.0,0.0,0.0,0.0,SEC_CNB_NDLS,0.37,Clear,0.0,0.5,1451.0,0.0,Historical Operational Log (NTES Aligned)
J_12302_20260821,12302,New Delhi - Howrah Rajdhani Express,Rajdhani,1,2026-08-21,NDLS,New Delhi,0,True,False,2026-08-21T16:55:00,2026-08-21T16:55:00,0.0,2026-08-21T16:55:00,2026-08-21T16:55:00,0.0,0.0,0.0,0.0,ORIGIN,0.3,Clear,0.0,1.5,0.0,1451.0,Historical Operational Log (NTES Aligned)
J_12302_20260821,12302,New Delhi - Howrah Rajdhani Express,Rajdhani,1,2026-08-21,CNB,Kanpur Central,1,False,False,2026-08-21T21:32:00,2026-08-21T21:32:00,0.0,2026-08-21T21:37:00,2026-08-21T21:37:00,0.0,5.0,5.0,0.0,SEC_NDLS_CNB,0.29,Clear,0.0,1.8,440.0,1011.0,Historical Operational Log (NTES Aligned)
J_12302_20260821,12302,New Delhi - Howrah Rajdhani Express,Rajdhani,1,2026-08-21,PRYJ,Prayagraj Junction,2,False,False,2026-08-21T23:43:00,2026-08-21T23:43:00,0.0,2026-08-21T23:45:00,2026-08-21T23:45:00,0.0,2.0,2.0,0.0,SEC_CNB_PRYJ,0.11,Clear,0.0,1.0,634.0,817.0,Historical Operational Log (NTES Aligned)
J_12302_20260821,12302,New Delhi - Howrah Rajdhani Express,Rajdhani,1,2026-08-21,DDU,Pt. Deen Dayal Upadhyaya Jn,3,False,False,2026-08-22T01:42:00,2026-08-22T01:42:00,0.0,2026-08-22T01:52:00,2026-08-22T01:52:00,0.0,10.0,10.0,0.0,SEC_PRYJ_DDU,0.4,Clear,0.0,1.9,787.0,664.0,Historical Operational Log (NTES Aligned)
J_12302_20260821,12302,New Delhi - Howrah Rajdhani Express,Rajdhani,1,2026-08-21,GAYA,Gaya Junction,4,False,False,2026-08-22T03:55:00,2026-08-22T03:55:00,0.0,2026-08-22T03:58:00,2026-08-22T03:58:00,0.0,3.0,3.0,0.0,SEC_DDU_GAYA,0.13,Clear,0.0,1.1,992.0,459.0,Historical Operational Log (NTES Aligned)
J_12302_20260821,12302,New Delhi - Howrah Rajdhani Express,Rajdhani,1,2026-08-21,DHN,Dhanbad Junction,5,False,False,2026-08-22T06:33:00,2026-08-22T06:33:00,0.0,2026-08-22T06:38:00,2026-08-22T06:38:00,0.0,5.0,5.0,0.0,SEC_GAYA_DHN,0.1,Clear,0.0,1.0,1192.0,259.0,Historical Operational Log (NTES Aligned)
J_12302_20260821,12302,New Delhi - Howrah Rajdhani Express,Rajdhani,1,2026-08-21,HWH,Howrah Junction,6,False,True,2026-08-22T09:55:00,2026-08-22T09:59:12,4.2,2026-08-22T09:55:00,2026-08-22T09:59:12,4.2,0.0,0.0,0.0,SEC_DHN_HWH,0.53,Clear,0.0,0.0,1451.0,0.0,Historical Operational Log (NTES Aligned)
J_12951_20260821,12951,Mumbai Central - New Delhi Rajdhani Express,Rajdhani,1,2026-08-21,MMCT,Mumbai Central,0,True,False,2026-08-21T17:00:00,2026-08-21T17:00:00,0.0,2026-08-21T17:00:00,2026-08-21T17:00:00,0.0,0.0,0.0,0.0,ORIGIN,0.3,Light Rain,0.0,1.5,0.0,1386.0,Historical Operational Log (NTES Aligned)
J_12951_20260821,12951,Mumbai Central - New Delhi Rajdhani Express,Rajdhani,1,2026-08-21,BRC,Vadodara Junction,1,False,False,2026-08-21T21:03:00,2026-08-21T21:04:54,1.9,2026-08-21T21:13:00,2026-08-21T21:14:54,1.9,10.0,10.0,0.0,SEC_MMCT_BRC,0.48,Light Rain,0.0,1.3,393.0,993.0,Historical Operational Log (NTES Aligned)
J_12951_20260821,12951,Mumbai Central - New Delhi Rajdhani Express,Rajdhani,1,2026-08-21,RTM,Ratlam Junction,2,False,False,2026-08-22T00:25:00,2026-08-22T00:30:06,5.1,2026-08-22T00:28:00,2026-08-22T00:33:06,5.1,3.0,3.0,0.0,SEC_BRC_RTM,0.66,Light Rain,0.0,3.1,653.0,733.0,Historical Operational Log (NTES Aligned)
J_12951_20260821,12951,Mumbai Central - New Delhi Rajdhani Express,Rajdhani,1,2026-08-21,KOTA,Kota Junction,3,False,False,2026-08-22T03:15:00,2026-08-22T03:19:54,4.9,2026-08-22T03:25:00,2026-08-22T03:29:54,4.9,10.0,10.0,0.0,SEC_RTM_KOTA,0.33,Light Rain,0.0,0.9,920.0,466.0,Historical Operational Log (NTES Aligned)
J_12951_20260821,12951,Mumbai Central - New Delhi Rajdhani Express,Rajdhani,1,2026-08-21,MTJ,Mathura Junction,4,False,False,2026-08-22T06:43:00,2026-08-22T06:43:00,0.0,2026-08-22T06:45:00,2026-08-22T06:45:00,0.0,2.0,2.0,0.0,SEC_KOTA_MTJ,0.12,Light Rain,0.0,3.0,1244.0,142.0,Historical Operational Log (NTES Aligned)
J_12951_20260821,12951,Mumbai Central - New Delhi Rajdhani Express,Rajdhani,1,2026-08-21,NDLS,New Delhi,5,False,True,2026-08-22T08:32:00,2026-08-22T08:32:00,0.0,2026-08-22T08:32:00,2026-08-22T08:32:00,0.0,0.0,0.0,0.0,SEC_MTJ_NDLS,0.1,Light Rain,0.0,2.5,1386.0,0.0,Historical Operational Log (NTES Aligned)
J_22436_20260821,22436,New Delhi - Varanasi Vande Bharat Express,Vande Bharat,1,2026-08-21,NDLS,New Delhi,0,True,False,2026-08-21T06:00:00,2026-08-21T06:00:00,0.0,2026-08-21T06:00:00,2026-08-21T06:00:00,0.0,0.0,0.0,0.0,ORIGIN,0.3,Clear,0.0,2.8,0.0,759.0,Historical Operational Log (NTES Aligned)
J_22436_20260821,22436,New Delhi - Varanasi Vande Bharat Express,Vande Bharat,1,2026-08-21,CNB,Kanpur Central,1,False,False,2026-08-21T10:08:00,2026-08-21T10:08:00,0.0,2026-08-21T10:10:00,2026-08-21T10:10:00,0.0,2.0,2.0,0.0,SEC_NDLS_CNB,0.31,Clear,0.0,0.1,440.0,319.0,Historical Operational Log (NTES Aligned)
J_22436_20260821,22436,New Delhi - Varanasi Vande Bharat Express,Vande Bharat,1,2026-08-21,PRYJ,Prayagraj Junction,2,False,False,2026-08-21T12:08:00,2026-08-21T12:08:00,0.0,2026-08-21T12:10:00,2026-08-21T12:10:00,0.0,2.0,2.0,0.0,SEC_CNB_PRYJ,0.33,Clear,0.0,0.3,634.0,125.0,Historical Operational Log (NTES Aligned)
J_22436_20260821,22436,New Delhi - Varanasi Vande Bharat Express,Vande Bharat,1,2026-08-21,BSB,Varanasi Junction,3,False,True,2026-08-21T14:00:00,2026-08-21T14:00:00,0.0,2026-08-21T14:00:00,2026-08-21T14:00:00,0.0,0.0,0.0,0.0,SEC_PRYJ_BSB,0.1,Clear,0.0,2.0,759.0,0.0,Historical Operational Log (NTES Aligned)
J_12004_20260821,12004,New Delhi - Lucknow Shatabdi Express,Shatabdi,1,2026-08-21,NDLS,New Delhi,0,True,False,2026-08-21T06:10:00,2026-08-21T06:27:06,17.1,2026-08-21T06:10:00,2026-08-21T06:28:48,18.8,0.0,1.7,1.7,ORIGIN,0.3,Light Rain,0.0,3.2,0.0,512.0,Historical Operational Log (NTES Aligned)
J_12004_20260821,12004,New Delhi - Lucknow Shatabdi Express,Shatabdi,1,2026-08-21,CNB,Kanpur Central,1,False,False,2026-08-21T11:20:00,2026-08-21T11:33:00,13.0,2026-08-21T11:25:00,2026-08-21T11:38:00,13.0,5.0,5.0,0.0,SEC_NDLS_CNB,0.1,Light Rain,0.0,0.3,440.0,72.0,Historical Operational Log (NTES Aligned)
J_12004_20260821,12004,New Delhi - Lucknow Shatabdi Express,Shatabdi,1,2026-08-21,LKO,Lucknow Charbagh,2,False,True,2026-08-21T12:40:00,2026-08-21T12:51:06,11.1,2026-08-21T12:40:00,2026-08-21T12:51:06,11.1,0.0,0.0,0.0,SEC_CNB_LKO,0.23,Light Rain,0.0,1.6,512.0,0.0,Historical Operational Log (NTES Aligned)
J_12301_20260822,12301,Howrah - New Delhi Rajdhani Express,Rajdhani,1,2026-08-22,HWH,Howrah Junction,0,True,False,2026-08-22T16:50:00,2026-08-22T16:50:00,0.0,2026-08-22T16:50:00,2026-08-22T16:50:00,0.0,0.0,0.0,0.0,ORIGIN,0.3,Light Rain,0.0,0.0,0.0,1451.0,Historical Operational Log (NTES Aligned)
J_12301_20260822,12301,Howrah - New Delhi Rajdhani Express,Rajdhani,1,2026-08-22,DHN,Dhanbad Junction,1,False,False,2026-08-22T19:55:00,2026-08-22T19:55:00,0.0,2026-08-22T20:00:00,2026-08-22T20:00:00,0.0,5.0,5.0,0.0,SEC_HWH_DHN,0.28,Light Rain,0.0,3.4,259.0,1192.0,Historical Operational Log (NTES Aligned)
J_12301_20260822,12301,Howrah - New Delhi Rajdhani Express,Rajdhani,1,2026-08-22,GAYA,Gaya Junction,2,False,False,2026-08-22T22:34:00,2026-08-22T22:34:00,0.0,2026-08-22T22:37:00,2026-08-22T22:37:00,0.0,3.0,3.0,0.0,SEC_DHN_GAYA,0.25,Light Rain,0.0,2.4,459.0,992.0,Historical Operational Log (NTES Aligned)
J_12301_20260822,12301,Howrah - New Delhi Rajdhani Express,Rajdhani,1,2026-08-22,DDU,Pt. Deen Dayal Upadhyaya Jn,3,False,False,2026-08-23T00:45:00,2026-08-23T00:47:12,2.2,2026-08-23T00:55:00,2026-08-23T00:57:12,2.2,10.0,10.0,0.0,SEC_GAYA_DDU,0.58,Light Rain,0.0,1.8,664.0,787.0,Historical Operational Log (NTES Aligned)
J_12301_20260822,12301,Howrah - New Delhi Rajdhani Express,Rajdhani,1,2026-08-22,PRYJ,Prayagraj Junction,4,False,False,2026-08-23T02:43:00,2026-08-23T02:43:00,0.0,2026-08-23T02:45:00,2026-08-23T02:45:00,0.0,2.0,2.0,0.0,SEC_DDU_PRYJ,0.47,Light Rain,0.0,4.3,817.0,634.0,Historical Operational Log (NTES Aligned)
J_12301_20260822,12301,Howrah - New Delhi Rajdhani Express,Rajdhani,1,2026-08-22,CNB,Kanpur Central,5,False,False,2026-08-23T04:50:00,2026-08-23T04:52:54,2.9,2026-08-23T04:55:00,2026-08-23T04:57:54,2.9,5.0,5.0,0.0,SEC_PRYJ_CNB,0.38,Light Rain,0.0,2.4,1011.0,440.0,Historical Operational Log (NTES Aligned)
J_12301_20260822,12301,Howrah - New Delhi Rajdhani Express,Rajdhani,1,2026-08-22,NDLS,New Delhi,6,False,True,2026-08-23T10:05:00,2026-08-23T10:05:00,0.0,2026-08-23T10:05:00,2026-08-23T10:05:00,0.0,0.0,0.0,0.0,SEC_CNB_NDLS,0.12,Light Rain,0.0,1.4,1451.0,0.0,Historical Operational Log (NTES Aligned)
J_12302_20260822,12302,New Delhi - Howrah Rajdhani Express,Rajdhani,1,2026-08-22,NDLS,New Delhi,0,True,False,2026-08-22T16:55:00,2026-08-22T16:55:00,0.0,2026-08-22T16:55:00,2026-08-22T16:55:00,0.0,0.0,0.0,0.0,ORIGIN,0.3,Clear,0.0,4.8,0.0,1451.0,Historical Operational Log (NTES Aligned)
J_12302_20260822,12302,New Delhi - Howrah Rajdhani Express,Rajdhani,1,2026-08-22,CNB,Kanpur Central,1,False,False,2026-08-22T21:32:00,2026-08-22T21:32:00,0.0,2026-08-22T21:37:00,2026-08-22T21:37:00,0.0,5.0,5.0,0.0,SEC_NDLS_CNB,0.54,Clear,0.0,4.0,440.0,1011.0,Historical Operational Log (NTES Aligned)
J_12302_20260822,12302,New Delhi - Howrah Rajdhani Express,Rajdhani,1,2026-08-22,PRYJ,Prayagraj Junction,2,False,False,2026-08-22T23:43:00,2026-08-22T23:43:00,0.0,2026-08-22T23:45:00,2026-08-22T23:45:00,0.0,2.0,2.0,0.0,SEC_CNB_PRYJ,0.18,Clear,0.0,0.0,634.0,817.0,Historical Operational Log (NTES Aligned)
J_12302_20260822,12302,New Delhi - Howrah Rajdhani Express,Rajdhani,1,2026-08-22,DDU,Pt. Deen Dayal Upadhyaya Jn,3,False,False,2026-08-23T01:42:00,2026-08-23T01:42:00,0.0,2026-08-23T01:52:00,2026-08-23T01:52:00,0.0,10.0,10.0,0.0,SEC_PRYJ_DDU,0.16,Clear,0.0,3.7,787.0,664.0,Historical Operational Log (NTES Aligned)
J_12302_20260822,12302,New Delhi - Howrah Rajdhani Express,Rajdhani,1,2026-08-22,GAYA,Gaya Junction,4,False,False,2026-08-23T03:55:00,2026-08-23T03:55:00,0.0,2026-08-23T03:58:00,2026-08-23T03:58:00,0.0,3.0,3.0,0.0,SEC_DDU_GAYA,0.19,Clear,0.0,2.0,992.0,459.0,Historical Operational Log (NTES Aligned)
J_12302_20260822,12302,New Delhi - Howrah Rajdhani Express,Rajdhani,1,2026-08-22,DHN,Dhanbad Junction,5,False,False,2026-08-23T06:33:00,2026-08-23T06:33:00,0.0,2026-08-23T06:38:00,2026-08-23T06:38:00,0.0,5.0,5.0,0.0,SEC_GAYA_DHN,0.16,Clear,0.0,4.6,1192.0,259.0,Historical Operational Log (NTES Aligned)
J_12302_20260822,12302,New Delhi - Howrah Rajdhani Express,Rajdhani,1,2026-08-22,HWH,Howrah Junction,6,False,True,2026-08-23T09:55:00,2026-08-23T09:55:00,0.0,2026-08-23T09:55:00,2026-08-23T09:55:00,0.0,0.0,0.0,0.0,SEC_DHN_HWH,0.45,Clear,0.0,2.3,1451.0,0.0,Historical Operational Log (NTES Aligned)
J_12951_20260822,12951,Mumbai Central - New Delhi Rajdhani Express,Rajdhani,1,2026-08-22,MMCT,Mumbai Central,0,True,False,2026-08-22T17:00:00,2026-08-22T17:00:00,0.0,2026-08-22T17:00:00,2026-08-22T17:00:00,0.0,0.0,0.0,0.0,ORIGIN,0.3,Clear,0.0,2.7,0.0,1386.0,Historical Operational Log (NTES Aligned)
J_12951_20260822,12951,Mumbai Central - New Delhi Rajdhani Express,Rajdhani,1,2026-08-22,BRC,Vadodara Junction,1,False,False,2026-08-22T21:03:00,2026-08-22T21:07:42,4.7,2026-08-22T21:13:00,2026-08-22T21:17:42,4.7,10.0,10.0,0.0,SEC_MMCT_BRC,0.64,Clear,0.9,0.8,393.0,993.0,Historical Operational Log (NTES Aligned)
J_12951_20260822,12951,Mumbai Central - New Delhi Rajdhani Express,Rajdhani,1,2026-08-22,RTM,Ratlam Junction,2,False,False,2026-08-23T00:25:00,2026-08-23T00:26:30,1.5,2026-08-23T00:28:00,2026-08-23T00:29:30,1.5,3.0,3.0,0.0,SEC_BRC_RTM,0.62,Clear,0.7,2.5,653.0,733.0,Historical Operational Log (NTES Aligned)
J_12951_20260822,12951,Mumbai Central - New Delhi Rajdhani Express,Rajdhani,1,2026-08-22,KOTA,Kota Junction,3,False,False,2026-08-23T03:15:00,2026-08-23T03:15:00,0.0,2026-08-23T03:25:00,2026-08-23T03:25:00,0.0,10.0,10.0,0.0,SEC_RTM_KOTA,0.34,Clear,0.0,0.0,920.0,466.0,Historical Operational Log (NTES Aligned)
J_12951_20260822,12951,Mumbai Central - New Delhi Rajdhani Express,Rajdhani,1,2026-08-22,MTJ,Mathura Junction,4,False,False,2026-08-23T06:43:00,2026-08-23T06:43:00,0.0,2026-08-23T06:45:00,2026-08-23T06:45:00,0.0,2.0,2.0,0.0,SEC_KOTA_MTJ,0.28,Clear,0.0,2.3,1244.0,142.0,Historical Operational Log (NTES Aligned)
J_12951_20260822,12951,Mumbai Central - New Delhi Rajdhani Express,Rajdhani,1,2026-08-22,NDLS,New Delhi,5,False,True,2026-08-23T08:32:00,2026-08-23T08:32:00,0.0,2026-08-23T08:32:00,2026-08-23T08:32:00,0.0,0.0,0.0,0.0,SEC_MTJ_NDLS,0.24,Clear,0.0,0.9,1386.0,0.0,Historical Operational Log (NTES Aligned)
J_22436_20260822,22436,New Delhi - Varanasi Vande Bharat Express,Vande Bharat,1,2026-08-22,NDLS,New Delhi,0,True,False,2026-08-22T06:00:00,2026-08-22T06:23:12,23.2,2026-08-22T06:00:00,2026-08-22T06:23:30,23.5,0.0,0.3,0.3,ORIGIN,0.3,Light Rain,0.0,2.2,0.0,759.0,Historical Operational Log (NTES Aligned)
J_22436_20260822,22436,New Delhi - Varanasi Vande Bharat Express,Vande Bharat,1,2026-08-22,CNB,Kanpur Central,1,False,False,2026-08-22T10:08:00,2026-08-22T10:31:36,23.6,2026-08-22T10:10:00,2026-08-22T10:34:12,24.2,2.0,2.6,0.6,SEC_NDLS_CNB,0.85,Light Rain,1.4,3.8,440.0,319.0,Historical Operational Log (NTES Aligned)
J_22436_20260822,22436,New Delhi - Varanasi Vande Bharat Express,Vande Bharat,1,2026-08-22,PRYJ,Prayagraj Junction,2,False,False,2026-08-22T12:08:00,2026-08-22T12:23:48,15.8,2026-08-22T12:10:00,2026-08-22T12:28:24,18.4,2.0,4.6,2.6,SEC_CNB_PRYJ,0.1,Light Rain,0.0,2.6,634.0,125.0,Historical Operational Log (NTES Aligned)
J_22436_20260822,22436,New Delhi - Varanasi Vande Bharat Express,Vande Bharat,1,2026-08-22,BSB,Varanasi Junction,3,False,True,2026-08-22T14:00:00,2026-08-22T14:21:48,21.8,2026-08-22T14:00:00,2026-08-22T14:22:24,22.4,0.0,0.6,0.6,SEC_PRYJ_BSB,0.73,Light Rain,0.6,4.5,759.0,0.0,Historical Operational Log (NTES Aligned)
J_12004_20260822,12004,New Delhi - Lucknow Shatabdi Express,Shatabdi,1,2026-08-22,NDLS,New Delhi,0,True,False,2026-08-22T06:10:00,2026-08-22T06:25:42,15.7,2026-08-22T06:10:00,2026-08-22T06:31:18,21.3,0.0,5.6,5.6,ORIGIN,0.3,Clear,0.0,2.7,0.0,512.0,Historical Operational Log (NTES Aligned)
J_12004_20260822,12004,New Delhi - Lucknow Shatabdi Express,Shatabdi,1,2026-08-22,CNB,Kanpur Central,1,False,False,2026-08-22T11:20:00,2026-08-22T11:22:36,2.6,2026-08-22T11:25:00,2026-08-22T11:27:36,2.6,5.0,5.0,0.0,SEC_NDLS_CNB,0.1,Clear,0.0,1.5,440.0,72.0,Historical Operational Log (NTES Aligned)
J_12004_20260822,12004,New Delhi - Lucknow Shatabdi Express,Shatabdi,1,2026-08-22,LKO,Lucknow Charbagh,2,False,True,2026-08-22T12:40:00,2026-08-22T12:40:00,0.0,2026-08-22T12:40:00,2026-08-22T12:40:00,0.0,0.0,0.0,0.0,SEC_CNB_LKO,0.19,Clear,0.0,0.7,512.0,0.0,Historical Operational Log (NTES Aligned)
J_12301_20260823,12301,Howrah - New Delhi Rajdhani Express,Rajdhani,1,2026-08-23,HWH,Howrah Junction,0,True,False,2026-08-23T16:50:00,2026-08-23T16:50:00,0.0,2026-08-23T16:50:00,2026-08-23T16:50:00,0.0,0.0,0.0,0.0,ORIGIN,0.3,Clear,0.0,1.7,0.0,1451.0,Historical Operational Log (NTES Aligned)
J_12301_20260823,12301,Howrah - New Delhi Rajdhani Express,Rajdhani,1,2026-08-23,DHN,Dhanbad Junction,1,False,False,2026-08-23T19:55:00,2026-08-23T19:55:00,0.0,2026-08-23T20:00:00,2026-08-23T20:00:00,0.0,5.0,5.0,0.0,SEC_HWH_DHN,0.1,Clear,0.0,1.2,259.0,1192.0,Historical Operational Log (NTES Aligned)
J_12301_20260823,12301,Howrah - New Delhi Rajdhani Express,Rajdhani,1,2026-08-23,GAYA,Gaya Junction,2,False,False,2026-08-23T22:34:00,2026-08-23T22:34:00,0.0,2026-08-23T22:37:00,2026-08-23T22:37:00,0.0,3.0,3.0,0.0,SEC_DHN_GAYA,0.19,Clear,0.0,1.9,459.0,992.0,Historical Operational Log (NTES Aligned)
J_12301_20260823,12301,Howrah - New Delhi Rajdhani Express,Rajdhani,1,2026-08-23,DDU,Pt. Deen Dayal Upadhyaya Jn,3,False,False,2026-08-24T00:45:00,2026-08-24T00:45:00,0.0,2026-08-24T00:55:00,2026-08-24T00:55:00,0.0,10.0,10.0,0.0,SEC_GAYA_DDU,0.23,Clear,0.0,1.2,664.0,787.0,Historical Operational Log (NTES Aligned)
J_12301_20260823,12301,Howrah - New Delhi Rajdhani Express,Rajdhani,1,2026-08-23,PRYJ,Prayagraj Junction,4,False,False,2026-08-24T02:43:00,2026-08-24T02:43:00,0.0,2026-08-24T02:45:00,2026-08-24T02:45:00,0.0,2.0,2.0,0.0,SEC_DDU_PRYJ,0.32,Clear,0.0,3.4,817.0,634.0,Historical Operational Log (NTES Aligned)
J_12301_20260823,12301,Howrah - New Delhi Rajdhani Express,Rajdhani,1,2026-08-23,CNB,Kanpur Central,5,False,False,2026-08-24T04:50:00,2026-08-24T04:50:00,0.0,2026-08-24T04:55:00,2026-08-24T04:55:00,0.0,5.0,5.0,0.0,SEC_PRYJ_CNB,0.17,Clear,0.0,1.6,1011.0,440.0,Historical Operational Log (NTES Aligned)
J_12301_20260823,12301,Howrah - New Delhi Rajdhani Express,Rajdhani,1,2026-08-23,NDLS,New Delhi,6,False,True,2026-08-24T10:05:00,2026-08-24T10:05:00,0.0,2026-08-24T10:05:00,2026-08-24T10:05:00,0.0,0.0,0.0,0.0,SEC_CNB_NDLS,0.14,Clear,0.0,1.1,1451.0,0.0,Historical Operational Log (NTES Aligned)
J_12302_20260823,12302,New Delhi - Howrah Rajdhani Express,Rajdhani,1,2026-08-23,NDLS,New Delhi,0,True,False,2026-08-23T16:55:00,2026-08-23T16:55:00,0.0,2026-08-23T16:55:00,2026-08-23T16:55:00,0.0,0.0,0.0,0.0,ORIGIN,0.3,Clear,0.0,1.4,0.0,1451.0,Historical Operational Log (NTES Aligned)
J_12302_20260823,12302,New Delhi - Howrah Rajdhani Express,Rajdhani,1,2026-08-23,CNB,Kanpur Central,1,False,False,2026-08-23T21:32:00,2026-08-23T21:35:12,3.2,2026-08-23T21:37:00,2026-08-23T21:40:12,3.2,5.0,5.0,0.0,SEC_NDLS_CNB,0.69,Clear,2.9,1.7,440.0,1011.0,Historical Operational Log (NTES Aligned)
J_12302_20260823,12302,New Delhi - Howrah Rajdhani Express,Rajdhani,1,2026-08-23,PRYJ,Prayagraj Junction,2,False,False,2026-08-23T23:43:00,2026-08-23T23:43:00,0.0,2026-08-23T23:45:00,2026-08-23T23:45:00,0.0,2.0,2.0,0.0,SEC_CNB_PRYJ,0.36,Clear,0.0,4.4,634.0,817.0,Historical Operational Log (NTES Aligned)
J_12302_20260823,12302,New Delhi - Howrah Rajdhani Express,Rajdhani,1,2026-08-23,DDU,Pt. Deen Dayal Upadhyaya Jn,3,False,False,2026-08-24T01:42:00,2026-08-24T01:42:00,0.0,2026-08-24T01:52:00,2026-08-24T01:52:00,0.0,10.0,10.0,0.0,SEC_PRYJ_DDU,0.25,Clear,0.0,1.5,787.0,664.0,Historical Operational Log (NTES Aligned)
J_12302_20260823,12302,New Delhi - Howrah Rajdhani Express,Rajdhani,1,2026-08-23,GAYA,Gaya Junction,4,False,False,2026-08-24T03:55:00,2026-08-24T03:55:00,0.0,2026-08-24T03:58:00,2026-08-24T03:58:00,0.0,3.0,3.0,0.0,SEC_DDU_GAYA,0.54,Clear,0.0,2.8,992.0,459.0,Historical Operational Log (NTES Aligned)
J_12302_20260823,12302,New Delhi - Howrah Rajdhani Express,Rajdhani,1,2026-08-23,DHN,Dhanbad Junction,5,False,False,2026-08-24T06:33:00,2026-08-24T06:33:00,0.0,2026-08-24T06:38:00,2026-08-24T06:38:00,0.0,5.0,5.0,0.0,SEC_GAYA_DHN,0.55,Clear,0.0,4.1,1192.0,259.0,Historical Operational Log (NTES Aligned)
J_12302_20260823,12302,New Delhi - Howrah Rajdhani Express,Rajdhani,1,2026-08-23,HWH,Howrah Junction,6,False,True,2026-08-24T09:55:00,2026-08-24T09:55:00,0.0,2026-08-24T09:55:00,2026-08-24T09:55:00,0.0,0.0,0.0,0.0,SEC_DHN_HWH,0.1,Clear,0.0,1.6,1451.0,0.0,Historical Operational Log (NTES Aligned)
J_12951_20260823,12951,Mumbai Central - New Delhi Rajdhani Express,Rajdhani,1,2026-08-23,MMCT,Mumbai Central,0,True,False,2026-08-23T17:00:00,2026-08-23T17:00:00,0.0,2026-08-23T17:00:00,2026-08-23T17:00:00,0.0,0.0,0.0,0.0,ORIGIN,0.3,Clear,0.0,0.0,0.0,1386.0,Historical Operational Log (NTES Aligned)
J_12951_20260823,12951,Mumbai Central - New Delhi Rajdhani Express,Rajdhani,1,2026-08-23,BRC,Vadodara Junction,1,False,False,2026-08-23T21:03:00,2026-08-23T21:03:00,0.0,2026-08-23T21:13:00,2026-08-23T21:13:00,0.0,10.0,10.0,0.0,SEC_MMCT_BRC,0.18,Clear,0.0,3.4,393.0,993.0,Historical Operational Log (NTES Aligned)
J_12951_20260823,12951,Mumbai Central - New Delhi Rajdhani Express,Rajdhani,1,2026-08-23,RTM,Ratlam Junction,2,False,False,2026-08-24T00:25:00,2026-08-24T00:25:00,0.0,2026-08-24T00:28:00,2026-08-24T00:28:00,0.0,3.0,3.0,0.0,SEC_BRC_RTM,0.46,Clear,0.0,2.9,653.0,733.0,Historical Operational Log (NTES Aligned)
J_12951_20260823,12951,Mumbai Central - New Delhi Rajdhani Express,Rajdhani,1,2026-08-23,KOTA,Kota Junction,3,False,False,2026-08-24T03:15:00,2026-08-24T03:15:00,0.0,2026-08-24T03:25:00,2026-08-24T03:25:00,0.0,10.0,10.0,0.0,SEC_RTM_KOTA,0.15,Clear,0.0,3.4,920.0,466.0,Historical Operational Log (NTES Aligned)
J_12951_20260823,12951,Mumbai Central - New Delhi Rajdhani Express,Rajdhani,1,2026-08-23,MTJ,Mathura Junction,4,False,False,2026-08-24T06:43:00,2026-08-24T06:45:54,2.9,2026-08-24T06:45:00,2026-08-24T06:47:54,2.9,2.0,2.0,0.0,SEC_KOTA_MTJ,0.43,Clear,0.0,3.4,1244.0,142.0,Historical Operational Log (NTES Aligned)
J_12951_20260823,12951,Mumbai Central - New Delhi Rajdhani Express,Rajdhani,1,2026-08-23,NDLS,New Delhi,5,False,True,2026-08-24T08:32:00,2026-08-24T08:32:00,0.0,2026-08-24T08:32:00,2026-08-24T08:32:00,0.0,0.0,0.0,0.0,SEC_MTJ_NDLS,0.24,Clear,0.0,0.8,1386.0,0.0,Historical Operational Log (NTES Aligned)
J_22436_20260823,22436,New Delhi - Varanasi Vande Bharat Express,Vande Bharat,1,2026-08-23,NDLS,New Delhi,0,True,False,2026-08-23T06:00:00,2026-08-23T06:00:00,0.0,2026-08-23T06:00:00,2026-08-23T06:00:00,0.0,0.0,0.0,0.0,ORIGIN,0.3,Clear,0.0,3.1,0.0,759.0,Historical Operational Log (NTES Aligned)
J_22436_20260823,22436,New Delhi - Varanasi Vande Bharat Express,Vande Bharat,1,2026-08-23,CNB,Kanpur Central,1,False,False,2026-08-23T10:08:00,2026-08-23T10:08:00,0.0,2026-08-23T10:10:00,2026-08-23T10:10:00,0.0,2.0,2.0,0.0,SEC_NDLS_CNB,0.39,Clear,0.0,0.0,440.0,319.0,Historical Operational Log (NTES Aligned)
J_22436_20260823,22436,New Delhi - Varanasi Vande Bharat Express,Vande Bharat,1,2026-08-23,PRYJ,Prayagraj Junction,2,False,False,2026-08-23T12:08:00,2026-08-23T12:08:00,0.0,2026-08-23T12:10:00,2026-08-23T12:10:00,0.0,2.0,2.0,0.0,SEC_CNB_PRYJ,0.19,Clear,0.0,1.5,634.0,125.0,Historical Operational Log (NTES Aligned)
J_22436_20260823,22436,New Delhi - Varanasi Vande Bharat Express,Vande Bharat,1,2026-08-23,BSB,Varanasi Junction,3,False,True,2026-08-23T14:00:00,2026-08-23T14:00:00,0.0,2026-08-23T14:00:00,2026-08-23T14:00:00,0.0,0.0,0.0,0.0,SEC_PRYJ_BSB,0.3,Clear,0.0,0.7,759.0,0.0,Historical Operational Log (NTES Aligned)
J_12004_20260823,12004,New Delhi - Lucknow Shatabdi Express,Shatabdi,1,2026-08-23,NDLS,New Delhi,0,True,False,2026-08-23T06:10:00,2026-08-23T06:16:48,6.8,2026-08-23T06:10:00,2026-08-23T06:16:48,6.8,0.0,0.0,0.0,ORIGIN,0.3,Clear,0.0,3.4,0.0,512.0,Historical Operational Log (NTES Aligned)
J_12004_20260823,12004,New Delhi - Lucknow Shatabdi Express,Shatabdi,1,2026-08-23,CNB,Kanpur Central,1,False,False,2026-08-23T11:20:00,2026-08-23T11:22:06,2.1,2026-08-23T11:25:00,2026-08-23T11:27:06,2.1,5.0,5.0,0.0,SEC_NDLS_CNB,0.15,Clear,0.0,1.6,440.0,72.0,Historical Operational Log (NTES Aligned)
J_12004_20260823,12004,New Delhi - Lucknow Shatabdi Express,Shatabdi,1,2026-08-23,LKO,Lucknow Charbagh,2,False,True,2026-08-23T12:40:00,2026-08-23T12:40:48,0.8,2026-08-23T12:40:00,2026-08-23T12:40:48,0.8,0.0,0.0,0.0,SEC_CNB_LKO,0.13,Clear,0.0,2.4,512.0,0.0,Historical Operational Log (NTES Aligned)
J_12301_20260824,12301,Howrah - New Delhi Rajdhani Express,Rajdhani,1,2026-08-24,HWH,Howrah Junction,0,True,False,2026-08-24T16:50:00,2026-08-24T17:01:24,11.4,2026-08-24T16:50:00,2026-08-24T17:01:24,11.4,0.0,0.0,0.0,ORIGIN,0.3,Clear,0.0,3.6,0.0,1451.0,Historical Operational Log (NTES Aligned)
J_12301_20260824,12301,Howrah - New Delhi Rajdhani Express,Rajdhani,1,2026-08-24,DHN,Dhanbad Junction,1,False,False,2026-08-24T19:55:00,2026-08-24T20:02:42,7.7,2026-08-24T20:00:00,2026-08-24T20:07:42,7.7,5.0,5.0,0.0,SEC_HWH_DHN,0.23,Clear,0.0,0.3,259.0,1192.0,Historical Operational Log (NTES Aligned)
J_12301_20260824,12301,Howrah - New Delhi Rajdhani Express,Rajdhani,1,2026-08-24,GAYA,Gaya Junction,2,False,False,2026-08-24T22:34:00,2026-08-24T22:40:30,6.5,2026-08-24T22:37:00,2026-08-24T22:43:30,6.5,3.0,3.0,0.0,SEC_DHN_GAYA,0.28,Clear,0.0,0.1,459.0,992.0,Historical Operational Log (NTES Aligned)
J_12301_20260824,12301,Howrah - New Delhi Rajdhani Express,Rajdhani,1,2026-08-24,DDU,Pt. Deen Dayal Upadhyaya Jn,3,False,False,2026-08-25T00:45:00,2026-08-25T00:45:00,0.0,2026-08-25T00:55:00,2026-08-25T00:55:00,0.0,10.0,10.0,0.0,SEC_GAYA_DDU,0.1,Clear,0.0,2.4,664.0,787.0,Historical Operational Log (NTES Aligned)
J_12301_20260824,12301,Howrah - New Delhi Rajdhani Express,Rajdhani,1,2026-08-24,PRYJ,Prayagraj Junction,4,False,False,2026-08-25T02:43:00,2026-08-25T02:43:00,0.0,2026-08-25T02:45:00,2026-08-25T02:45:00,0.0,2.0,2.0,0.0,SEC_DDU_PRYJ,0.57,Clear,0.0,0.9,817.0,634.0,Historical Operational Log (NTES Aligned)
J_12301_20260824,12301,Howrah - New Delhi Rajdhani Express,Rajdhani,1,2026-08-24,CNB,Kanpur Central,5,False,False,2026-08-25T04:50:00,2026-08-25T04:50:00,0.0,2026-08-25T04:55:00,2026-08-25T04:55:00,0.0,5.0,5.0,0.0,SEC_PRYJ_CNB,0.3,Clear,0.0,6.1,1011.0,440.0,Historical Operational Log (NTES Aligned)
J_12301_20260824,12301,Howrah - New Delhi Rajdhani Express,Rajdhani,1,2026-08-24,NDLS,New Delhi,6,False,True,2026-08-25T10:05:00,2026-08-25T10:05:00,0.0,2026-08-25T10:05:00,2026-08-25T10:05:00,0.0,0.0,0.0,0.0,SEC_CNB_NDLS,0.37,Clear,0.0,1.1,1451.0,0.0,Historical Operational Log (NTES Aligned)
J_12302_20260824,12302,New Delhi - Howrah Rajdhani Express,Rajdhani,1,2026-08-24,NDLS,New Delhi,0,True,False,2026-08-24T16:55:00,2026-08-24T16:55:00,0.0,2026-08-24T16:55:00,2026-08-24T16:55:00,0.0,0.0,0.0,0.0,ORIGIN,0.3,Clear,0.0,2.0,0.0,1451.0,Historical Operational Log (NTES Aligned)
J_12302_20260824,12302,New Delhi - Howrah Rajdhani Express,Rajdhani,1,2026-08-24,CNB,Kanpur Central,1,False,False,2026-08-24T21:32:00,2026-08-24T21:32:00,0.0,2026-08-24T21:37:00,2026-08-24T21:37:00,0.0,5.0,5.0,0.0,SEC_NDLS_CNB,0.2,Clear,0.0,0.8,440.0,1011.0,Historical Operational Log (NTES Aligned)
J_12302_20260824,12302,New Delhi - Howrah Rajdhani Express,Rajdhani,1,2026-08-24,PRYJ,Prayagraj Junction,2,False,False,2026-08-24T23:43:00,2026-08-24T23:43:00,0.0,2026-08-24T23:45:00,2026-08-24T23:45:00,0.0,2.0,2.0,0.0,SEC_CNB_PRYJ,0.11,Clear,0.0,0.6,634.0,817.0,Historical Operational Log (NTES Aligned)
J_12302_20260824,12302,New Delhi - Howrah Rajdhani Express,Rajdhani,1,2026-08-24,DDU,Pt. Deen Dayal Upadhyaya Jn,3,False,False,2026-08-25T01:42:00,2026-08-25T01:42:00,0.0,2026-08-25T01:52:00,2026-08-25T01:52:00,0.0,10.0,10.0,0.0,SEC_PRYJ_DDU,0.22,Clear,0.0,2.0,787.0,664.0,Historical Operational Log (NTES Aligned)
J_12302_20260824,12302,New Delhi - Howrah Rajdhani Express,Rajdhani,1,2026-08-24,GAYA,Gaya Junction,4,False,False,2026-08-25T03:55:00,2026-08-25T03:56:00,1.0,2026-08-25T03:58:00,2026-08-25T03:59:00,1.0,3.0,3.0,0.0,SEC_DDU_GAYA,0.58,Clear,0.0,1.3,992.0,459.0,Historical Operational Log (NTES Aligned)
J_12302_20260824,12302,New Delhi - Howrah Rajdhani Express,Rajdhani,1,2026-08-24,DHN,Dhanbad Junction,5,False,False,2026-08-25T06:33:00,2026-08-25T06:33:00,0.0,2026-08-25T06:38:00,2026-08-25T06:38:00,0.0,5.0,5.0,0.0,SEC_GAYA_DHN,0.1,Clear,0.0,5.8,1192.0,259.0,Historical Operational Log (NTES Aligned)
J_12302_20260824,12302,New Delhi - Howrah Rajdhani Express,Rajdhani,1,2026-08-24,HWH,Howrah Junction,6,False,True,2026-08-25T09:55:00,2026-08-25T09:55:00,0.0,2026-08-25T09:55:00,2026-08-25T09:55:00,0.0,0.0,0.0,0.0,SEC_DHN_HWH,0.16,Clear,0.0,3.0,1451.0,0.0,Historical Operational Log (NTES Aligned)
J_12951_20260824,12951,Mumbai Central - New Delhi Rajdhani Express,Rajdhani,1,2026-08-24,MMCT,Mumbai Central,0,True,False,2026-08-24T17:00:00,2026-08-24T17:00:00,0.0,2026-08-24T17:00:00,2026-08-24T17:00:00,0.0,0.0,0.0,0.0,ORIGIN,0.3,Clear,0.0,5.0,0.0,1386.0,Historical Operational Log (NTES Aligned)
J_12951_20260824,12951,Mumbai Central - New Delhi Rajdhani Express,Rajdhani,1,2026-08-24,BRC,Vadodara Junction,1,False,False,2026-08-24T21:03:00,2026-08-24T21:03:00,0.0,2026-08-24T21:13:00,2026-08-24T21:13:00,0.0,10.0,10.0,0.0,SEC_MMCT_BRC,0.19,Clear,0.0,2.5,393.0,993.0,Historical Operational Log (NTES Aligned)
J_12951_20260824,12951,Mumbai Central - New Delhi Rajdhani Express,Rajdhani,1,2026-08-24,RTM,Ratlam Junction,2,False,False,2026-08-25T00:25:00,2026-08-25T00:25:00,0.0,2026-08-25T00:28:00,2026-08-25T00:28:00,0.0,3.0,3.0,0.0,SEC_BRC_RTM,0.32,Clear,0.0,2.9,653.0,733.0,Historical Operational Log (NTES Aligned)
J_12951_20260824,12951,Mumbai Central - New Delhi Rajdhani Express,Rajdhani,1,2026-08-24,KOTA,Kota Junction,3,False,False,2026-08-25T03:15:00,2026-08-25T03:15:00,0.0,2026-08-25T03:25:00,2026-08-25T03:25:00,0.0,10.0,10.0,0.0,SEC_RTM_KOTA,0.1,Clear,0.0,1.4,920.0,466.0,Historical Operational Log (NTES Aligned)
J_12951_20260824,12951,Mumbai Central - New Delhi Rajdhani Express,Rajdhani,1,2026-08-24,MTJ,Mathura Junction,4,False,False,2026-08-25T06:43:00,2026-08-25T06:43:00,0.0,2026-08-25T06:45:00,2026-08-25T06:45:00,0.0,2.0,2.0,0.0,SEC_KOTA_MTJ,0.35,Clear,0.0,4.1,1244.0,142.0,Historical Operational Log (NTES Aligned)
J_12951_20260824,12951,Mumbai Central - New Delhi Rajdhani Express,Rajdhani,1,2026-08-24,NDLS,New Delhi,5,False,True,2026-08-25T08:32:00,2026-08-25T08:32:00,0.0,2026-08-25T08:32:00,2026-08-25T08:32:00,0.0,0.0,0.0,0.0,SEC_MTJ_NDLS,0.14,Clear,0.0,2.3,1386.0,0.0,Historical Operational Log (NTES Aligned)
J_22436_20260824,22436,New Delhi - Varanasi Vande Bharat Express,Vande Bharat,1,2026-08-24,NDLS,New Delhi,0,True,False,2026-08-24T06:00:00,2026-08-24T06:00:00,0.0,2026-08-24T06:00:00,2026-08-24T06:00:00,0.0,0.0,0.0,0.0,ORIGIN,0.3,Clear,0.0,1.7,0.0,759.0,Historical Operational Log (NTES Aligned)
J_22436_20260824,22436,New Delhi - Varanasi Vande Bharat Express,Vande Bharat,1,2026-08-24,CNB,Kanpur Central,1,False,False,2026-08-24T10:08:00,2026-08-24T10:08:00,0.0,2026-08-24T10:10:00,2026-08-24T10:10:00,0.0,2.0,2.0,0.0,SEC_NDLS_CNB,0.16,Clear,0.0,0.0,440.0,319.0,Historical Operational Log (NTES Aligned)
J_22436_20260824,22436,New Delhi - Varanasi Vande Bharat Express,Vande Bharat,1,2026-08-24,PRYJ,Prayagraj Junction,2,False,False,2026-08-24T12:08:00,2026-08-24T12:08:00,0.0,2026-08-24T12:10:00,2026-08-24T12:10:00,0.0,2.0,2.0,0.0,SEC_CNB_PRYJ,0.34,Clear,0.0,5.0,634.0,125.0,Historical Operational Log (NTES Aligned)
J_22436_20260824,22436,New Delhi - Varanasi Vande Bharat Express,Vande Bharat,1,2026-08-24,BSB,Varanasi Junction,3,False,True,2026-08-24T14:00:00,2026-08-24T14:00:00,0.0,2026-08-24T14:00:00,2026-08-24T14:00:00,0.0,0.0,0.0,0.0,SEC_PRYJ_BSB,0.13,Clear,0.0,5.7,759.0,0.0,Historical Operational Log (NTES Aligned)
J_12004_20260824,12004,New Delhi - Lucknow Shatabdi Express,Shatabdi,1,2026-08-24,NDLS,New Delhi,0,True,False,2026-08-24T06:10:00,2026-08-24T06:10:00,0.0,2026-08-24T06:10:00,2026-08-24T06:10:00,0.0,0.0,0.0,0.0,ORIGIN,0.3,Clear,0.0,0.7,0.0,512.0,Historical Operational Log (NTES Aligned)
J_12004_20260824,12004,New Delhi - Lucknow Shatabdi Express,Shatabdi,1,2026-08-24,CNB,Kanpur Central,1,False,False,2026-08-24T11:20:00,2026-08-24T11:20:00,0.0,2026-08-24T11:25:00,2026-08-24T11:25:00,0.0,5.0,5.0,0.0,SEC_NDLS_CNB,0.18,Clear,0.0,2.1,440.0,72.0,Historical Operational Log (NTES Aligned)
J_12004_20260824,12004,New Delhi - Lucknow Shatabdi Express,Shatabdi,1,2026-08-24,LKO,Lucknow Charbagh,2,False,True,2026-08-24T12:40:00,2026-08-24T12:40:00,0.0,2026-08-24T12:40:00,2026-08-24T12:40:00,0.0,0.0,0.0,0.0,SEC_CNB_LKO,0.15,Clear,0.0,2.3,512.0,0.0,Historical Operational Log (NTES Aligned)
J_12301_20260825,12301,Howrah - New Delhi Rajdhani Express,Rajdhani,1,2026-08-25,HWH,Howrah Junction,0,True,False,2026-08-25T16:50:00,2026-08-25T16:50:00,0.0,2026-08-25T16:50:00,2026-08-25T16:50:00,0.0,0.0,0.0,0.0,ORIGIN,0.3,Clear,0.0,4.1,0.0,1451.0,Historical Operational Log (NTES Aligned)
J_12301_20260825,12301,Howrah - New Delhi Rajdhani Express,Rajdhani,1,2026-08-25,DHN,Dhanbad Junction,1,False,False,2026-08-25T19:55:00,2026-08-25T19:55:00,0.0,2026-08-25T20:00:00,2026-08-25T20:00:00,0.0,5.0,5.0,0.0,SEC_HWH_DHN,0.18,Clear,0.0,0.3,259.0,1192.0,Historical Operational Log (NTES Aligned)
J_12301_20260825,12301,Howrah - New Delhi Rajdhani Express,Rajdhani,1,2026-08-25,GAYA,Gaya Junction,2,False,False,2026-08-25T22:34:00,2026-08-25T22:34:00,0.0,2026-08-25T22:37:00,2026-08-25T22:37:00,0.0,3.0,3.0,0.0,SEC_DHN_GAYA,0.15,Clear,0.0,2.5,459.0,992.0,Historical Operational Log (NTES Aligned)
J_12301_20260825,12301,Howrah - New Delhi Rajdhani Express,Rajdhani,1,2026-08-25,DDU,Pt. Deen Dayal Upadhyaya Jn,3,False,False,2026-08-26T00:45:00,2026-08-26T00:45:00,0.0,2026-08-26T00:55:00,2026-08-26T00:55:00,0.0,10.0,10.0,0.0,SEC_GAYA_DDU,0.34,Clear,0.0,3.3,664.0,787.0,Historical Operational Log (NTES Aligned)
J_12301_20260825,12301,Howrah - New Delhi Rajdhani Express,Rajdhani,1,2026-08-25,PRYJ,Prayagraj Junction,4,False,False,2026-08-26T02:43:00,2026-08-26T02:48:36,5.6,2026-08-26T02:45:00,2026-08-26T02:50:36,5.6,2.0,2.0,0.0,SEC_DDU_PRYJ,0.44,Clear,0.0,2.8,817.0,634.0,Historical Operational Log (NTES Aligned)
J_12301_20260825,12301,Howrah - New Delhi Rajdhani Express,Rajdhani,1,2026-08-25,CNB,Kanpur Central,5,False,False,2026-08-26T04:50:00,2026-08-26T04:50:00,0.0,2026-08-26T04:55:00,2026-08-26T04:55:00,0.0,5.0,5.0,0.0,SEC_PRYJ_CNB,0.25,Clear,0.0,3.3,1011.0,440.0,Historical Operational Log (NTES Aligned)
J_12301_20260825,12301,Howrah - New Delhi Rajdhani Express,Rajdhani,1,2026-08-25,NDLS,New Delhi,6,False,True,2026-08-26T10:05:00,2026-08-26T10:05:00,0.0,2026-08-26T10:05:00,2026-08-26T10:05:00,0.0,0.0,0.0,0.0,SEC_CNB_NDLS,0.35,Clear,0.0,1.1,1451.0,0.0,Historical Operational Log (NTES Aligned)
J_12302_20260825,12302,New Delhi - Howrah Rajdhani Express,Rajdhani,1,2026-08-25,NDLS,New Delhi,0,True,False,2026-08-25T16:55:00,2026-08-25T16:55:00,0.0,2026-08-25T16:55:00,2026-08-25T16:55:00,0.0,0.0,0.0,0.0,ORIGIN,0.3,Clear,0.0,1.2,0.0,1451.0,Historical Operational Log (NTES Aligned)
J_12302_20260825,12302,New Delhi - Howrah Rajdhani Express,Rajdhani,1,2026-08-25,CNB,Kanpur Central,1,False,False,2026-08-25T21:32:00,2026-08-25T21:32:00,0.0,2026-08-25T21:37:00,2026-08-25T21:37:00,0.0,5.0,5.0,0.0,SEC_NDLS_CNB,0.21,Clear,0.0,2.3,440.0,1011.0,Historical Operational Log (NTES Aligned)
J_12302_20260825,12302,New Delhi - Howrah Rajdhani Express,Rajdhani,1,2026-08-25,PRYJ,Prayagraj Junction,2,False,False,2026-08-25T23:43:00,2026-08-25T23:43:00,0.0,2026-08-25T23:45:00,2026-08-25T23:45:00,0.0,2.0,2.0,0.0,SEC_CNB_PRYJ,0.39,Clear,0.0,2.9,634.0,817.0,Historical Operational Log (NTES Aligned)
J_12302_20260825,12302,New Delhi - Howrah Rajdhani Express,Rajdhani,1,2026-08-25,DDU,Pt. Deen Dayal Upadhyaya Jn,3,False,False,2026-08-26T01:42:00,2026-08-26T01:42:00,0.0,2026-08-26T01:52:00,2026-08-26T01:52:00,0.0,10.0,10.0,0.0,SEC_PRYJ_DDU,0.1,Clear,0.0,2.8,787.0,664.0,Historical Operational Log (NTES Aligned)
J_12302_20260825,12302,New Delhi - Howrah Rajdhani Express,Rajdhani,1,2026-08-25,GAYA,Gaya Junction,4,False,False,2026-08-26T03:55:00,2026-08-26T03:55:00,0.0,2026-08-26T03:58:00,2026-08-26T03:58:00,0.0,3.0,3.0,0.0,SEC_DDU_GAYA,0.1,Clear,0.0,1.7,992.0,459.0,Historical Operational Log (NTES Aligned)
J_12302_20260825,12302,New Delhi - Howrah Rajdhani Express,Rajdhani,1,2026-08-25,DHN,Dhanbad Junction,5,False,False,2026-08-26T06:33:00,2026-08-26T06:33:00,0.0,2026-08-26T06:38:00,2026-08-26T06:38:00,0.0,5.0,5.0,0.0,SEC_GAYA_DHN,0.23,Clear,0.0,0.0,1192.0,259.0,Historical Operational Log (NTES Aligned)
J_12302_20260825,12302,New Delhi - Howrah Rajdhani Express,Rajdhani,1,2026-08-25,HWH,Howrah Junction,6,False,True,2026-08-26T09:55:00,2026-08-26T09:55:00,0.0,2026-08-26T09:55:00,2026-08-26T09:55:00,0.0,0.0,0.0,0.0,SEC_DHN_HWH,0.28,Clear,0.0,4.5,1451.0,0.0,Historical Operational Log (NTES Aligned)
J_12951_20260825,12951,Mumbai Central - New Delhi Rajdhani Express,Rajdhani,1,2026-08-25,MMCT,Mumbai Central,0,True,False,2026-08-25T17:00:00,2026-08-25T17:24:00,24.0,2026-08-25T17:00:00,2026-08-25T17:30:24,30.4,0.0,6.4,6.4,ORIGIN,0.3,Clear,0.0,5.2,0.0,1386.0,Historical Operational Log (NTES Aligned)
J_12951_20260825,12951,Mumbai Central - New Delhi Rajdhani Express,Rajdhani,1,2026-08-25,BRC,Vadodara Junction,1,False,False,2026-08-25T21:03:00,2026-08-25T21:23:24,20.4,2026-08-25T21:13:00,2026-08-25T21:33:42,20.7,10.0,10.3,0.3,SEC_MMCT_BRC,0.41,Clear,0.0,2.1,393.0,993.0,Historical Operational Log (NTES Aligned)
J_12951_20260825,12951,Mumbai Central - New Delhi Rajdhani Express,Rajdhani,1,2026-08-25,RTM,Ratlam Junction,2,False,False,2026-08-26T00:25:00,2026-08-26T00:38:24,13.4,2026-08-26T00:28:00,2026-08-26T00:41:24,13.4,3.0,3.0,0.0,SEC_BRC_RTM,0.11,Clear,0.0,3.5,653.0,733.0,Historical Operational Log (NTES Aligned)
J_12951_20260825,12951,Mumbai Central - New Delhi Rajdhani Express,Rajdhani,1,2026-08-25,KOTA,Kota Junction,3,False,False,2026-08-26T03:15:00,2026-08-26T03:26:12,11.2,2026-08-26T03:25:00,2026-08-26T03:36:12,11.2,10.0,10.0,0.0,SEC_RTM_KOTA,0.1,Clear,0.0,1.5,920.0,466.0,Historical Operational Log (NTES Aligned)
J_12951_20260825,12951,Mumbai Central - New Delhi Rajdhani Express,Rajdhani,1,2026-08-25,MTJ,Mathura Junction,4,False,False,2026-08-26T06:43:00,2026-08-26T06:50:24,7.4,2026-08-26T06:45:00,2026-08-26T06:52:24,7.4,2.0,2.0,0.0,SEC_KOTA_MTJ,0.24,Clear,0.0,0.6,1244.0,142.0,Historical Operational Log (NTES Aligned)
J_12951_20260825,12951,Mumbai Central - New Delhi Rajdhani Express,Rajdhani,1,2026-08-25,NDLS,New Delhi,5,False,True,2026-08-26T08:32:00,2026-08-26T08:35:00,3.0,2026-08-26T08:32:00,2026-08-26T08:35:00,3.0,0.0,0.0,0.0,SEC_MTJ_NDLS,0.1,Clear,0.0,3.2,1386.0,0.0,Historical Operational Log (NTES Aligned)
J_22436_20260825,22436,New Delhi - Varanasi Vande Bharat Express,Vande Bharat,1,2026-08-25,NDLS,New Delhi,0,True,False,2026-08-25T06:00:00,2026-08-25T06:00:00,0.0,2026-08-25T06:00:00,2026-08-25T06:00:00,0.0,0.0,0.0,0.0,ORIGIN,0.3,Clear,0.0,1.9,0.0,759.0,Historical Operational Log (NTES Aligned)
J_22436_20260825,22436,New Delhi - Varanasi Vande Bharat Express,Vande Bharat,1,2026-08-25,CNB,Kanpur Central,1,False,False,2026-08-25T10:08:00,2026-08-25T10:08:00,0.0,2026-08-25T10:10:00,2026-08-25T10:10:00,0.0,2.0,2.0,0.0,SEC_NDLS_CNB,0.17,Clear,0.0,0.0,440.0,319.0,Historical Operational Log (NTES Aligned)
J_22436_20260825,22436,New Delhi - Varanasi Vande Bharat Express,Vande Bharat,1,2026-08-25,PRYJ,Prayagraj Junction,2,False,False,2026-08-25T12:08:00,2026-08-25T12:10:06,2.1,2026-08-25T12:10:00,2026-08-25T12:12:06,2.1,2.0,2.0,0.0,SEC_CNB_PRYJ,0.4,Clear,0.0,0.0,634.0,125.0,Historical Operational Log (NTES Aligned)
J_22436_20260825,22436,New Delhi - Varanasi Vande Bharat Express,Vande Bharat,1,2026-08-25,BSB,Varanasi Junction,3,False,True,2026-08-25T14:00:00,2026-08-25T14:00:00,0.0,2026-08-25T14:00:00,2026-08-25T14:00:00,0.0,0.0,0.0,0.0,SEC_PRYJ_BSB,0.28,Clear,0.0,2.6,759.0,0.0,Historical Operational Log (NTES Aligned)
J_12004_20260825,12004,New Delhi - Lucknow Shatabdi Express,Shatabdi,1,2026-08-25,NDLS,New Delhi,0,True,False,2026-08-25T06:10:00,2026-08-25T06:10:00,0.0,2026-08-25T06:10:00,2026-08-25T06:10:00,0.0,0.0,0.0,0.0,ORIGIN,0.3,Clear,0.0,3.7,0.0,512.0,Historical Operational Log (NTES Aligned)
J_12004_20260825,12004,New Delhi - Lucknow Shatabdi Express,Shatabdi,1,2026-08-25,CNB,Kanpur Central,1,False,False,2026-08-25T11:20:00,2026-08-25T11:20:00,0.0,2026-08-25T11:25:00,2026-08-25T11:25:00,0.0,5.0,5.0,0.0,SEC_NDLS_CNB,0.1,Clear,0.0,0.2,440.0,72.0,Historical Operational Log (NTES Aligned)
J_12004_20260825,12004,New Delhi - Lucknow Shatabdi Express,Shatabdi,1,2026-08-25,LKO,Lucknow Charbagh,2,False,True,2026-08-25T12:40:00,2026-08-25T12:40:00,0.0,2026-08-25T12:40:00,2026-08-25T12:40:00,0.0,0.0,0.0,0.0,SEC_CNB_LKO,0.12,Clear,0.0,4.8,512.0,0.0,Historical Operational Log (NTES Aligned)
J_12301_20260826,12301,Howrah - New Delhi Rajdhani Express,Rajdhani,1,2026-08-26,HWH,Howrah Junction,0,True,False,2026-08-26T16:50:00,2026-08-26T16:50:00,0.0,2026-08-26T16:50:00,2026-08-26T16:50:00,0.0,0.0,0.0,0.0,ORIGIN,0.3,Clear,0.0,5.1,0.0,1451.0,Historical Operational Log (NTES Aligned)
J_12301_20260826,12301,Howrah - New Delhi Rajdhani Express,Rajdhani,1,2026-08-26,DHN,Dhanbad Junction,1,False,False,2026-08-26T19:55:00,2026-08-26T19:55:00,0.0,2026-08-26T20:00:00,2026-08-26T20:00:00,0.0,5.0,5.0,0.0,SEC_HWH_DHN,0.38,Clear,0.0,3.3,259.0,1192.0,Historical Operational Log (NTES Aligned)
J_12301_20260826,12301,Howrah - New Delhi Rajdhani Express,Rajdhani,1,2026-08-26,GAYA,Gaya Junction,2,False,False,2026-08-26T22:34:00,2026-08-26T22:34:00,0.0,2026-08-26T22:37:00,2026-08-26T22:37:00,0.0,3.0,3.0,0.0,SEC_DHN_GAYA,0.1,Clear,0.0,0.3,459.0,992.0,Historical Operational Log (NTES Aligned)
J_12301_20260826,12301,Howrah - New Delhi Rajdhani Express,Rajdhani,1,2026-08-26,DDU,Pt. Deen Dayal Upadhyaya Jn,3,False,False,2026-08-27T00:45:00,2026-08-27T00:45:00,0.0,2026-08-27T00:55:00,2026-08-27T00:55:00,0.0,10.0,10.0,0.0,SEC_GAYA_DDU,0.14,Clear,0.0,0.0,664.0,787.0,Historical Operational Log (NTES Aligned)
J_12301_20260826,12301,Howrah - New Delhi Rajdhani Express,Rajdhani,1,2026-08-26,PRYJ,Prayagraj Junction,4,False,False,2026-08-27T02:43:00,2026-08-27T02:43:00,0.0,2026-08-27T02:45:00,2026-08-27T02:45:00,0.0,2.0,2.0,0.0,SEC_DDU_PRYJ,0.25,Clear,0.0,1.8,817.0,634.0,Historical Operational Log (NTES Aligned)
J_12301_20260826,12301,Howrah - New Delhi Rajdhani Express,Rajdhani,1,2026-08-26,CNB,Kanpur Central,5,False,False,2026-08-27T04:50:00,2026-08-27T04:50:00,0.0,2026-08-27T04:55:00,2026-08-27T04:55:00,0.0,5.0,5.0,0.0,SEC_PRYJ_CNB,0.1,Clear,0.0,3.4,1011.0,440.0,Historical Operational Log (NTES Aligned)
J_12301_20260826,12301,Howrah - New Delhi Rajdhani Express,Rajdhani,1,2026-08-26,NDLS,New Delhi,6,False,True,2026-08-27T10:05:00,2026-08-27T10:05:00,0.0,2026-08-27T10:05:00,2026-08-27T10:05:00,0.0,0.0,0.0,0.0,SEC_CNB_NDLS,0.2,Clear,0.0,1.6,1451.0,0.0,Historical Operational Log (NTES Aligned)
J_12302_20260826,12302,New Delhi - Howrah Rajdhani Express,Rajdhani,1,2026-08-26,NDLS,New Delhi,0,True,False,2026-08-26T16:55:00,2026-08-26T17:13:06,18.1,2026-08-26T16:55:00,2026-08-26T17:14:48,19.8,0.0,1.7,1.7,ORIGIN,0.3,Heavy Rain,0.0,1.1,0.0,1451.0,Historical Operational Log (NTES Aligned)
J_12302_20260826,12302,New Delhi - Howrah Rajdhani Express,Rajdhani,1,2026-08-26,CNB,Kanpur Central,1,False,False,2026-08-26T21:32:00,2026-08-26T21:42:24,10.4,2026-08-26T21:37:00,2026-08-26T21:47:24,10.4,5.0,5.0,0.0,SEC_NDLS_CNB,0.3,Heavy Rain,0.0,0.0,440.0,1011.0,Historical Operational Log (NTES Aligned)
J_12302_20260826,12302,New Delhi - Howrah Rajdhani Express,Rajdhani,1,2026-08-26,PRYJ,Prayagraj Junction,2,False,False,2026-08-26T23:43:00,2026-08-26T23:51:36,8.6,2026-08-26T23:45:00,2026-08-26T23:53:36,8.6,2.0,2.0,0.0,SEC_CNB_PRYJ,0.74,Heavy Rain,0.1,0.0,634.0,817.0,Historical Operational Log (NTES Aligned)
J_12302_20260826,12302,New Delhi - Howrah Rajdhani Express,Rajdhani,1,2026-08-26,DDU,Pt. Deen Dayal Upadhyaya Jn,3,False,False,2026-08-27T01:42:00,2026-08-27T01:48:30,6.5,2026-08-27T01:52:00,2026-08-27T01:58:30,6.5,10.0,10.0,0.0,SEC_PRYJ_DDU,0.48,Heavy Rain,0.0,3.5,787.0,664.0,Historical Operational Log (NTES Aligned)
J_12302_20260826,12302,New Delhi - Howrah Rajdhani Express,Rajdhani,1,2026-08-26,GAYA,Gaya Junction,4,False,False,2026-08-27T03:55:00,2026-08-27T04:04:06,9.1,2026-08-27T03:58:00,2026-08-27T04:07:06,9.1,3.0,3.0,0.0,SEC_DDU_GAYA,0.64,Heavy Rain,0.8,1.6,992.0,459.0,Historical Operational Log (NTES Aligned)
J_12302_20260826,12302,New Delhi - Howrah Rajdhani Express,Rajdhani,1,2026-08-26,DHN,Dhanbad Junction,5,False,False,2026-08-27T06:33:00,2026-08-27T06:36:54,3.9,2026-08-27T06:38:00,2026-08-27T06:41:54,3.9,5.0,5.0,0.0,SEC_GAYA_DHN,0.25,Heavy Rain,0.0,3.2,1192.0,259.0,Historical Operational Log (NTES Aligned)
J_12302_20260826,12302,New Delhi - Howrah Rajdhani Express,Rajdhani,1,2026-08-26,HWH,Howrah Junction,6,False,True,2026-08-27T09:55:00,2026-08-27T10:00:18,5.3,2026-08-27T09:55:00,2026-08-27T10:00:18,5.3,0.0,0.0,0.0,SEC_DHN_HWH,0.78,Heavy Rain,2.6,2.3,1451.0,0.0,Historical Operational Log (NTES Aligned)
J_12951_20260826,12951,Mumbai Central - New Delhi Rajdhani Express,Rajdhani,1,2026-08-26,MMCT,Mumbai Central,0,True,False,2026-08-26T17:00:00,2026-08-26T17:00:00,0.0,2026-08-26T17:00:00,2026-08-26T17:00:00,0.0,0.0,0.0,0.0,ORIGIN,0.3,Light Rain,0.0,3.1,0.0,1386.0,Historical Operational Log (NTES Aligned)
J_12951_20260826,12951,Mumbai Central - New Delhi Rajdhani Express,Rajdhani,1,2026-08-26,BRC,Vadodara Junction,1,False,False,2026-08-26T21:03:00,2026-08-26T21:03:00,0.0,2026-08-26T21:13:00,2026-08-26T21:13:00,0.0,10.0,10.0,0.0,SEC_MMCT_BRC,0.66,Light Rain,2.6,4.4,393.0,993.0,Historical Operational Log (NTES Aligned)
J_12951_20260826,12951,Mumbai Central - New Delhi Rajdhani Express,Rajdhani,1,2026-08-26,RTM,Ratlam Junction,2,False,False,2026-08-27T00:25:00,2026-08-27T00:27:48,2.8,2026-08-27T00:28:00,2026-08-27T00:30:48,2.8,3.0,3.0,0.0,SEC_BRC_RTM,0.53,Light Rain,0.0,3.1,653.0,733.0,Historical Operational Log (NTES Aligned)
J_12951_20260826,12951,Mumbai Central - New Delhi Rajdhani Express,Rajdhani,1,2026-08-26,KOTA,Kota Junction,3,False,False,2026-08-27T03:15:00,2026-08-27T03:15:06,0.1,2026-08-27T03:25:00,2026-08-27T03:25:06,0.1,10.0,10.0,0.0,SEC_RTM_KOTA,0.4,Light Rain,0.0,2.1,920.0,466.0,Historical Operational Log (NTES Aligned)
J_12951_20260826,12951,Mumbai Central - New Delhi Rajdhani Express,Rajdhani,1,2026-08-26,MTJ,Mathura Junction,4,False,False,2026-08-27T06:43:00,2026-08-27T06:43:00,0.0,2026-08-27T06:45:00,2026-08-27T06:45:00,0.0,2.0,2.0,0.0,SEC_KOTA_MTJ,0.66,Light Rain,0.0,2.0,1244.0,142.0,Historical Operational Log (NTES Aligned)
J_12951_20260826,12951,Mumbai Central - New Delhi Rajdhani Express,Rajdhani,1,2026-08-26,NDLS,New Delhi,5,False,True,2026-08-27T08:32:00,2026-08-27T08:32:00,0.0,2026-08-27T08:32:00,2026-08-27T08:32:00,0.0,0.0,0.0,0.0,SEC_MTJ_NDLS,0.27,Light Rain,0.0,1.4,1386.0,0.0,Historical Operational Log (NTES Aligned)
J_22436_20260826,22436,New Delhi - Varanasi Vande Bharat Express,Vande Bharat,1,2026-08-26,NDLS,New Delhi,0,True,False,2026-08-26T06:00:00,2026-08-26T06:12:12,12.2,2026-08-26T06:00:00,2026-08-26T06:12:12,12.2,0.0,0.0,0.0,ORIGIN,0.3,Heavy Rain,0.0,1.2,0.0,759.0,Historical Operational Log (NTES Aligned)
J_22436_20260826,22436,New Delhi - Varanasi Vande Bharat Express,Vande Bharat,1,2026-08-26,CNB,Kanpur Central,1,False,False,2026-08-26T10:08:00,2026-08-26T10:18:48,10.8,2026-08-26T10:10:00,2026-08-26T10:20:48,10.8,2.0,2.0,0.0,SEC_NDLS_CNB,0.44,Heavy Rain,0.0,5.3,440.0,319.0,Historical Operational Log (NTES Aligned)
J_22436_20260826,22436,New Delhi - Varanasi Vande Bharat Express,Vande Bharat,1,2026-08-26,PRYJ,Prayagraj Junction,2,False,False,2026-08-26T12:08:00,2026-08-26T12:13:54,5.9,2026-08-26T12:10:00,2026-08-26T12:15:54,5.9,2.0,2.0,0.0,SEC_CNB_PRYJ,0.42,Heavy Rain,0.0,1.8,634.0,125.0,Historical Operational Log (NTES Aligned)
J_22436_20260826,22436,New Delhi - Varanasi Vande Bharat Express,Vande Bharat,1,2026-08-26,BSB,Varanasi Junction,3,False,True,2026-08-26T14:00:00,2026-08-26T14:04:00,4.0,2026-08-26T14:00:00,2026-08-26T14:04:00,4.0,0.0,0.0,0.0,SEC_PRYJ_BSB,0.35,Heavy Rain,0.0,3.2,759.0,0.0,Historical Operational Log (NTES Aligned)
J_12004_20260826,12004,New Delhi - Lucknow Shatabdi Express,Shatabdi,1,2026-08-26,NDLS,New Delhi,0,True,False,2026-08-26T06:10:00,2026-08-26T06:10:00,0.0,2026-08-26T06:10:00,2026-08-26T06:10:00,0.0,0.0,0.0,0.0,ORIGIN,0.3,Light Rain,0.0,1.4,0.0,512.0,Historical Operational Log (NTES Aligned)
J_12004_20260826,12004,New Delhi - Lucknow Shatabdi Express,Shatabdi,1,2026-08-26,CNB,Kanpur Central,1,False,False,2026-08-26T11:20:00,2026-08-26T11:20:00,0.0,2026-08-26T11:25:00,2026-08-26T11:25:00,0.0,5.0,5.0,0.0,SEC_NDLS_CNB,0.34,Light Rain,0.0,4.7,440.0,72.0,Historical Operational Log (NTES Aligned)
J_12004_20260826,12004,New Delhi - Lucknow Shatabdi Express,Shatabdi,1,2026-08-26,LKO,Lucknow Charbagh,2,False,True,2026-08-26T12:40:00,2026-08-26T12:40:00,0.0,2026-08-26T12:40:00,2026-08-26T12:40:00,0.0,0.0,0.0,0.0,SEC_CNB_LKO,0.18,Light Rain,0.0,2.3,512.0,0.0,Historical Operational Log (NTES Aligned)
J_12301_20260827,12301,Howrah - New Delhi Rajdhani Express,Rajdhani,1,2026-08-27,HWH,Howrah Junction,0,True,False,2026-08-27T16:50:00,2026-08-27T17:19:54,29.9,2026-08-27T16:50:00,2026-08-27T17:23:24,33.4,0.0,3.5,3.5,ORIGIN,0.3,Clear,0.0,2.4,0.0,1451.0,Historical Operational Log (NTES Aligned)
J_12301_20260827,12301,Howrah - New Delhi Rajdhani Express,Rajdhani,1,2026-08-27,DHN,Dhanbad Junction,1,False,False,2026-08-27T19:55:00,2026-08-27T20:23:30,28.5,2026-08-27T20:00:00,2026-08-27T20:29:24,29.4,5.0,5.9,0.9,SEC_HWH_DHN,0.27,Clear,0.0,3.6,259.0,1192.0,Historical Operational Log (NTES Aligned)
J_12301_20260827,12301,Howrah - New Delhi Rajdhani Express,Rajdhani,1,2026-08-27,GAYA,Gaya Junction,2,False,False,2026-08-27T22:34:00,2026-08-27T22:57:42,23.7,2026-08-27T22:37:00,2026-08-27T23:02:42,25.7,3.0,5.0,2.0,SEC_DHN_GAYA,0.26,Clear,0.0,2.3,459.0,992.0,Historical Operational Log (NTES Aligned)
J_12301_20260827,12301,Howrah - New Delhi Rajdhani Express,Rajdhani,1,2026-08-27,DDU,Pt. Deen Dayal Upadhyaya Jn,3,False,False,2026-08-28T00:45:00,2026-08-28T01:01:00,16.0,2026-08-28T00:55:00,2026-08-28T01:11:18,16.3,10.0,10.3,0.3,SEC_GAYA_DDU,0.19,Clear,0.0,4.0,664.0,787.0,Historical Operational Log (NTES Aligned)
J_12301_20260827,12301,Howrah - New Delhi Rajdhani Express,Rajdhani,1,2026-08-27,PRYJ,Prayagraj Junction,4,False,False,2026-08-28T02:43:00,2026-08-28T02:50:18,7.3,2026-08-28T02:45:00,2026-08-28T02:52:18,7.3,2.0,2.0,0.0,SEC_DDU_PRYJ,0.29,Clear,0.0,0.1,817.0,634.0,Historical Operational Log (NTES Aligned)
J_12301_20260827,12301,Howrah - New Delhi Rajdhani Express,Rajdhani,1,2026-08-27,CNB,Kanpur Central,5,False,False,2026-08-28T04:50:00,2026-08-28T04:56:36,6.6,2026-08-28T04:55:00,2026-08-28T05:01:36,6.6,5.0,5.0,0.0,SEC_PRYJ_CNB,0.55,Clear,0.0,1.7,1011.0,440.0,Historical Operational Log (NTES Aligned)
J_12301_20260827,12301,Howrah - New Delhi Rajdhani Express,Rajdhani,1,2026-08-27,NDLS,New Delhi,6,False,True,2026-08-28T10:05:00,2026-08-28T10:14:18,9.3,2026-08-28T10:05:00,2026-08-28T10:14:18,9.3,0.0,0.0,0.0,SEC_CNB_NDLS,0.43,Clear,0.0,1.1,1451.0,0.0,Historical Operational Log (NTES Aligned)
J_12302_20260827,12302,New Delhi - Howrah Rajdhani Express,Rajdhani,1,2026-08-27,NDLS,New Delhi,0,True,False,2026-08-27T16:55:00,2026-08-27T17:05:48,10.8,2026-08-27T16:55:00,2026-08-27T17:05:48,10.8,0.0,0.0,0.0,ORIGIN,0.3,Clear,0.0,0.2,0.0,1451.0,Historical Operational Log (NTES Aligned)
J_12302_20260827,12302,New Delhi - Howrah Rajdhani Express,Rajdhani,1,2026-08-27,CNB,Kanpur Central,1,False,False,2026-08-27T21:32:00,2026-08-27T21:40:18,8.3,2026-08-27T21:37:00,2026-08-27T21:45:18,8.3,5.0,5.0,0.0,SEC_NDLS_CNB,0.1,Clear,0.0,3.2,440.0,1011.0,Historical Operational Log (NTES Aligned)
J_12302_20260827,12302,New Delhi - Howrah Rajdhani Express,Rajdhani,1,2026-08-27,PRYJ,Prayagraj Junction,2,False,False,2026-08-27T23:43:00,2026-08-27T23:47:06,4.1,2026-08-27T23:45:00,2026-08-27T23:49:06,4.1,2.0,2.0,0.0,SEC_CNB_PRYJ,0.4,Clear,0.0,0.9,634.0,817.0,Historical Operational Log (NTES Aligned)
J_12302_20260827,12302,New Delhi - Howrah Rajdhani Express,Rajdhani,1,2026-08-27,DDU,Pt. Deen Dayal Upadhyaya Jn,3,False,False,2026-08-28T01:42:00,2026-08-28T01:42:00,0.0,2026-08-28T01:52:00,2026-08-28T01:52:00,0.0,10.0,10.0,0.0,SEC_PRYJ_DDU,0.33,Clear,0.0,0.5,787.0,664.0,Historical Operational Log (NTES Aligned)
J_12302_20260827,12302,New Delhi - Howrah Rajdhani Express,Rajdhani,1,2026-08-27,GAYA,Gaya Junction,4,False,False,2026-08-28T03:55:00,2026-08-28T03:55:00,0.0,2026-08-28T03:58:00,2026-08-28T03:58:00,0.0,3.0,3.0,0.0,SEC_DDU_GAYA,0.37,Clear,0.0,1.1,992.0,459.0,Historical Operational Log (NTES Aligned)
J_12302_20260827,12302,New Delhi - Howrah Rajdhani Express,Rajdhani,1,2026-08-27,DHN,Dhanbad Junction,5,False,False,2026-08-28T06:33:00,2026-08-28T06:33:00,0.0,2026-08-28T06:38:00,2026-08-28T06:38:00,0.0,5.0,5.0,0.0,SEC_GAYA_DHN,0.32,Clear,0.0,1.0,1192.0,259.0,Historical Operational Log (NTES Aligned)
J_12302_20260827,12302,New Delhi - Howrah Rajdhani Express,Rajdhani,1,2026-08-27,HWH,Howrah Junction,6,False,True,2026-08-28T09:55:00,2026-08-28T09:55:00,0.0,2026-08-28T09:55:00,2026-08-28T09:55:00,0.0,0.0,0.0,0.0,SEC_DHN_HWH,0.1,Clear,0.0,2.4,1451.0,0.0,Historical Operational Log (NTES Aligned)
J_12951_20260827,12951,Mumbai Central - New Delhi Rajdhani Express,Rajdhani,1,2026-08-27,MMCT,Mumbai Central,0,True,False,2026-08-27T17:00:00,2026-08-27T17:04:48,4.8,2026-08-27T17:00:00,2026-08-27T17:04:48,4.8,0.0,0.0,0.0,ORIGIN,0.3,Dense Fog,0.0,0.8,0.0,1386.0,Historical Operational Log (NTES Aligned)
J_12951_20260827,12951,Mumbai Central - New Delhi Rajdhani Express,Rajdhani,1,2026-08-27,BRC,Vadodara Junction,1,False,False,2026-08-27T21:03:00,2026-08-27T21:05:42,2.7,2026-08-27T21:13:00,2026-08-27T21:15:42,2.7,10.0,10.0,0.0,SEC_MMCT_BRC,0.57,Dense Fog,0.0,3.0,393.0,993.0,Historical Operational Log (NTES Aligned)
J_12951_20260827,12951,Mumbai Central - New Delhi Rajdhani Express,Rajdhani,1,2026-08-27,RTM,Ratlam Junction,2,False,False,2026-08-28T00:25:00,2026-08-28T00:25:00,0.0,2026-08-28T00:28:00,2026-08-28T00:28:00,0.0,3.0,3.0,0.0,SEC_BRC_RTM,0.44,Dense Fog,0.0,0.0,653.0,733.0,Historical Operational Log (NTES Aligned)
J_12951_20260827,12951,Mumbai Central - New Delhi Rajdhani Express,Rajdhani,1,2026-08-27,KOTA,Kota Junction,3,False,False,2026-08-28T03:15:00,2026-08-28T03:15:00,0.0,2026-08-28T03:25:00,2026-08-28T03:25:00,0.0,10.0,10.0,0.0,SEC_RTM_KOTA,0.4,Dense Fog,0.0,0.0,920.0,466.0,Historical Operational Log (NTES Aligned)
J_12951_20260827,12951,Mumbai Central - New Delhi Rajdhani Express,Rajdhani,1,2026-08-27,MTJ,Mathura Junction,4,False,False,2026-08-28T06:43:00,2026-08-28T06:43:00,0.0,2026-08-28T06:45:00,2026-08-28T06:45:00,0.0,2.0,2.0,0.0,SEC_KOTA_MTJ,0.58,Dense Fog,0.0,2.7,1244.0,142.0,Historical Operational Log (NTES Aligned)
J_12951_20260827,12951,Mumbai Central - New Delhi Rajdhani Express,Rajdhani,1,2026-08-27,NDLS,New Delhi,5,False,True,2026-08-28T08:32:00,2026-08-28T08:32:00,0.0,2026-08-28T08:32:00,2026-08-28T08:32:00,0.0,0.0,0.0,0.0,SEC_MTJ_NDLS,0.42,Dense Fog,0.0,2.3,1386.0,0.0,Historical Operational Log (NTES Aligned)
J_22436_20260827,22436,New Delhi - Varanasi Vande Bharat Express,Vande Bharat,1,2026-08-27,NDLS,New Delhi,0,True,False,2026-08-27T06:00:00,2026-08-27T06:00:00,0.0,2026-08-27T06:00:00,2026-08-27T06:00:00,0.0,0.0,0.0,0.0,ORIGIN,0.3,Dense Fog,0.0,4.0,0.0,759.0,Historical Operational Log (NTES Aligned)
J_22436_20260827,22436,New Delhi - Varanasi Vande Bharat Express,Vande Bharat,1,2026-08-27,CNB,Kanpur Central,1,False,False,2026-08-27T10:08:00,2026-08-27T10:08:36,0.6,2026-08-27T10:10:00,2026-08-27T10:10:36,0.6,2.0,2.0,0.0,SEC_NDLS_CNB,0.64,Dense Fog,0.8,1.8,440.0,319.0,Historical Operational Log (NTES Aligned)
J_22436_20260827,22436,New Delhi - Varanasi Vande Bharat Express,Vande Bharat,1,2026-08-27,PRYJ,Prayagraj Junction,2,False,False,2026-08-27T12:08:00,2026-08-27T12:08:00,0.0,2026-08-27T12:10:00,2026-08-27T12:10:00,0.0,2.0,2.0,0.0,SEC_CNB_PRYJ,0.62,Dense Fog,0.0,2.2,634.0,125.0,Historical Operational Log (NTES Aligned)
J_22436_20260827,22436,New Delhi - Varanasi Vande Bharat Express,Vande Bharat,1,2026-08-27,BSB,Varanasi Junction,3,False,True,2026-08-27T14:00:00,2026-08-27T14:00:00,0.0,2026-08-27T14:00:00,2026-08-27T14:00:00,0.0,0.0,0.0,0.0,SEC_PRYJ_BSB,0.18,Dense Fog,0.0,3.2,759.0,0.0,Historical Operational Log (NTES Aligned)
J_12004_20260827,12004,New Delhi - Lucknow Shatabdi Express,Shatabdi,1,2026-08-27,NDLS,New Delhi,0,True,False,2026-08-27T06:10:00,2026-08-27T06:16:36,6.6,2026-08-27T06:10:00,2026-08-27T06:16:36,6.6,0.0,0.0,0.0,ORIGIN,0.3,Clear,0.0,0.2,0.0,512.0,Historical Operational Log (NTES Aligned)
J_12004_20260827,12004,New Delhi - Lucknow Shatabdi Express,Shatabdi,1,2026-08-27,CNB,Kanpur Central,1,False,False,2026-08-27T11:20:00,2026-08-27T11:20:00,0.0,2026-08-27T11:25:00,2026-08-27T11:25:00,0.0,5.0,5.0,0.0,SEC_NDLS_CNB,0.22,Clear,0.0,1.8,440.0,72.0,Historical Operational Log (NTES Aligned)
J_12004_20260827,12004,New Delhi - Lucknow Shatabdi Express,Shatabdi,1,2026-08-27,LKO,Lucknow Charbagh,2,False,True,2026-08-27T12:40:00,2026-08-27T12:40:00,0.0,2026-08-27T12:40:00,2026-08-27T12:40:00,0.0,0.0,0.0,0.0,SEC_CNB_LKO,0.32,Clear,0.0,2.4,512.0,0.0,Historical Operational Log (NTES Aligned)
J_12301_20260828,12301,Howrah - New Delhi Rajdhani Express,Rajdhani,1,2026-08-28,HWH,Howrah Junction,0,True,False,2026-08-28T16:50:00,2026-08-28T17:08:06,18.1,2026-08-28T16:50:00,2026-08-28T17:10:06,20.1,0.0,2.0,2.0,ORIGIN,0.3,Clear,0.0,1.2,0.0,1451.0,Historical Operational Log (NTES Aligned)
J_12301_20260828,12301,Howrah - New Delhi Rajdhani Express,Rajdhani,1,2026-08-28,DHN,Dhanbad Junction,1,False,False,2026-08-28T19:55:00,2026-08-28T20:08:30,13.5,2026-08-28T20:00:00,2026-08-28T20:13:30,13.5,5.0,5.0,0.0,SEC_HWH_DHN,0.23,Clear,0.0,3.3,259.0,1192.0,Historical Operational Log (NTES Aligned)
J_12301_20260828,12301,Howrah - New Delhi Rajdhani Express,Rajdhani,1,2026-08-28,GAYA,Gaya Junction,2,False,False,2026-08-28T22:34:00,2026-08-28T22:41:48,7.8,2026-08-28T22:37:00,2026-08-28T22:44:48,7.8,3.0,3.0,0.0,SEC_DHN_GAYA,0.16,Clear,0.0,0.4,459.0,992.0,Historical Operational Log (NTES Aligned)
J_12301_20260828,12301,Howrah - New Delhi Rajdhani Express,Rajdhani,1,2026-08-28,DDU,Pt. Deen Dayal Upadhyaya Jn,3,False,False,2026-08-29T00:45:00,2026-08-29T00:45:00,0.0,2026-08-29T00:55:00,2026-08-29T00:55:00,0.0,10.0,10.0,0.0,SEC_GAYA_DDU,0.13,Clear,0.0,0.5,664.0,787.0,Historical Operational Log (NTES Aligned)
J_12301_20260828,12301,Howrah - New Delhi Rajdhani Express,Rajdhani,1,2026-08-28,PRYJ,Prayagraj Junction,4,False,False,2026-08-29T02:43:00,2026-08-29T02:43:00,0.0,2026-08-29T02:45:00,2026-08-29T02:45:00,0.0,2.0,2.0,0.0,SEC_DDU_PRYJ,0.29,Clear,0.0,2.8,817.0,634.0,Historical Operational Log (NTES Aligned)
J_12301_20260828,12301,Howrah - New Delhi Rajdhani Express,Rajdhani,1,2026-08-28,CNB,Kanpur Central,5,False,False,2026-08-29T04:50:00,2026-08-29T04:50:00,0.0,2026-08-29T04:55:00,2026-08-29T04:55:00,0.0,5.0,5.0,0.0,SEC_PRYJ_CNB,0.49,Clear,0.0,3.2,1011.0,440.0,Historical Operational Log (NTES Aligned)
J_12301_20260828,12301,Howrah - New Delhi Rajdhani Express,Rajdhani,1,2026-08-28,NDLS,New Delhi,6,False,True,2026-08-29T10:05:00,2026-08-29T10:05:00,0.0,2026-08-29T10:05:00,2026-08-29T10:05:00,0.0,0.0,0.0,0.0,SEC_CNB_NDLS,0.1,Clear,0.0,0.0,1451.0,0.0,Historical Operational Log (NTES Aligned)
J_12302_20260828,12302,New Delhi - Howrah Rajdhani Express,Rajdhani,1,2026-08-28,NDLS,New Delhi,0,True,False,2026-08-28T16:55:00,2026-08-28T16:55:00,0.0,2026-08-28T16:55:00,2026-08-28T16:55:00,0.0,0.0,0.0,0.0,ORIGIN,0.3,Clear,0.0,1.2,0.0,1451.0,Historical Operational Log (NTES Aligned)
J_12302_20260828,12302,New Delhi - Howrah Rajdhani Express,Rajdhani,1,2026-08-28,CNB,Kanpur Central,1,False,False,2026-08-28T21:32:00,2026-08-28T21:32:00,0.0,2026-08-28T21:37:00,2026-08-28T21:37:00,0.0,5.0,5.0,0.0,SEC_NDLS_CNB,0.22,Clear,0.0,2.7,440.0,1011.0,Historical Operational Log (NTES Aligned)
J_12302_20260828,12302,New Delhi - Howrah Rajdhani Express,Rajdhani,1,2026-08-28,PRYJ,Prayagraj Junction,2,False,False,2026-08-28T23:43:00,2026-08-28T23:43:00,0.0,2026-08-28T23:45:00,2026-08-28T23:45:00,0.0,2.0,2.0,0.0,SEC_CNB_PRYJ,0.21,Clear,0.0,4.3,634.0,817.0,Historical Operational Log (NTES Aligned)
J_12302_20260828,12302,New Delhi - Howrah Rajdhani Express,Rajdhani,1,2026-08-28,DDU,Pt. Deen Dayal Upadhyaya Jn,3,False,False,2026-08-29T01:42:00,2026-08-29T01:42:00,0.0,2026-08-29T01:52:00,2026-08-29T01:52:00,0.0,10.0,10.0,0.0,SEC_PRYJ_DDU,0.73,Clear,2.3,1.8,787.0,664.0,Historical Operational Log (NTES Aligned)
J_12302_20260828,12302,New Delhi - Howrah Rajdhani Express,Rajdhani,1,2026-08-28,GAYA,Gaya Junction,4,False,False,2026-08-29T03:55:00,2026-08-29T03:55:00,0.0,2026-08-29T03:58:00,2026-08-29T03:58:00,0.0,3.0,3.0,0.0,SEC_DDU_GAYA,0.23,Clear,0.0,0.0,992.0,459.0,Historical Operational Log (NTES Aligned)
J_12302_20260828,12302,New Delhi - Howrah Rajdhani Express,Rajdhani,1,2026-08-28,DHN,Dhanbad Junction,5,False,False,2026-08-29T06:33:00,2026-08-29T06:33:00,0.0,2026-08-29T06:38:00,2026-08-29T06:38:00,0.0,5.0,5.0,0.0,SEC_GAYA_DHN,0.48,Clear,0.0,1.8,1192.0,259.0,Historical Operational Log (NTES Aligned)
J_12302_20260828,12302,New Delhi - Howrah Rajdhani Express,Rajdhani,1,2026-08-28,HWH,Howrah Junction,6,False,True,2026-08-29T09:55:00,2026-08-29T09:55:00,0.0,2026-08-29T09:55:00,2026-08-29T09:55:00,0.0,0.0,0.0,0.0,SEC_DHN_HWH,0.11,Clear,0.0,0.8,1451.0,0.0,Historical Operational Log (NTES Aligned)
J_12951_20260828,12951,Mumbai Central - New Delhi Rajdhani Express,Rajdhani,1,2026-08-28,MMCT,Mumbai Central,0,True,False,2026-08-28T17:00:00,2026-08-28T17:00:00,0.0,2026-08-28T17:00:00,2026-08-28T17:00:00,0.0,0.0,0.0,0.0,ORIGIN,0.3,Clear,0.0,4.1,0.0,1386.0,Historical Operational Log (NTES Aligned)
J_12951_20260828,12951,Mumbai Central - New Delhi Rajdhani Express,Rajdhani,1,2026-08-28,BRC,Vadodara Junction,1,False,False,2026-08-28T21:03:00,2026-08-28T21:03:24,0.4,2026-08-28T21:13:00,2026-08-28T21:13:24,0.4,10.0,10.0,0.0,SEC_MMCT_BRC,0.41,Clear,0.0,4.5,393.0,993.0,Historical Operational Log (NTES Aligned)
J_12951_20260828,12951,Mumbai Central - New Delhi Rajdhani Express,Rajdhani,1,2026-08-28,RTM,Ratlam Junction,2,False,False,2026-08-29T00:25:00,2026-08-29T00:25:00,0.0,2026-08-29T00:28:00,2026-08-29T00:28:00,0.0,3.0,3.0,0.0,SEC_BRC_RTM,0.18,Clear,0.0,2.9,653.0,733.0,Historical Operational Log (NTES Aligned)
J_12951_20260828,12951,Mumbai Central - New Delhi Rajdhani Express,Rajdhani,1,2026-08-28,KOTA,Kota Junction,3,False,False,2026-08-29T03:15:00,2026-08-29T03:15:00,0.0,2026-08-29T03:25:00,2026-08-29T03:25:00,0.0,10.0,10.0,0.0,SEC_RTM_KOTA,0.21,Clear,0.0,0.0,920.0,466.0,Historical Operational Log (NTES Aligned)
J_12951_20260828,12951,Mumbai Central - New Delhi Rajdhani Express,Rajdhani,1,2026-08-28,MTJ,Mathura Junction,4,False,False,2026-08-29T06:43:00,2026-08-29T06:43:00,0.0,2026-08-29T06:45:00,2026-08-29T06:45:00,0.0,2.0,2.0,0.0,SEC_KOTA_MTJ,0.34,Clear,0.0,4.8,1244.0,142.0,Historical Operational Log (NTES Aligned)
J_12951_20260828,12951,Mumbai Central - New Delhi Rajdhani Express,Rajdhani,1,2026-08-28,NDLS,New Delhi,5,False,True,2026-08-29T08:32:00,2026-08-29T08:32:00,0.0,2026-08-29T08:32:00,2026-08-29T08:32:00,0.0,0.0,0.0,0.0,SEC_MTJ_NDLS,0.42,Clear,0.0,3.4,1386.0,0.0,Historical Operational Log (NTES Aligned)
J_22436_20260828,22436,New Delhi - Varanasi Vande Bharat Express,Vande Bharat,1,2026-08-28,NDLS,New Delhi,0,True,False,2026-08-28T06:00:00,2026-08-28T06:09:36,9.6,2026-08-28T06:00:00,2026-08-28T06:09:36,9.6,0.0,0.0,0.0,ORIGIN,0.3,Clear,0.0,3.0,0.0,759.0,Historical Operational Log (NTES Aligned)
J_22436_20260828,22436,New Delhi - Varanasi Vande Bharat Express,Vande Bharat,1,2026-08-28,CNB,Kanpur Central,1,False,False,2026-08-28T10:08:00,2026-08-28T10:22:06,14.1,2026-08-28T10:10:00,2026-08-28T10:24:06,14.1,2.0,2.0,0.0,SEC_NDLS_CNB,0.73,Clear,0.8,0.8,440.0,319.0,Historical Operational Log (NTES Aligned)
J_22436_20260828,22436,New Delhi - Varanasi Vande Bharat Express,Vande Bharat,1,2026-08-28,PRYJ,Prayagraj Junction,2,False,False,2026-08-28T12:08:00,2026-08-28T12:15:12,7.2,2026-08-28T12:10:00,2026-08-28T12:17:12,7.2,2.0,2.0,0.0,SEC_CNB_PRYJ,0.22,Clear,0.0,3.4,634.0,125.0,Historical Operational Log (NTES Aligned)
J_22436_20260828,22436,New Delhi - Varanasi Vande Bharat Express,Vande Bharat,1,2026-08-28,BSB,Varanasi Junction,3,False,True,2026-08-28T14:00:00,2026-08-28T14:04:18,4.3,2026-08-28T14:00:00,2026-08-28T14:04:18,4.3,0.0,0.0,0.0,SEC_PRYJ_BSB,0.3,Clear,0.0,0.7,759.0,0.0,Historical Operational Log (NTES Aligned)
J_12004_20260828,12004,New Delhi - Lucknow Shatabdi Express,Shatabdi,1,2026-08-28,NDLS,New Delhi,0,True,False,2026-08-28T06:10:00,2026-08-28T06:10:00,0.0,2026-08-28T06:10:00,2026-08-28T06:10:00,0.0,0.0,0.0,0.0,ORIGIN,0.3,Clear,0.0,2.8,0.0,512.0,Historical Operational Log (NTES Aligned)
J_12004_20260828,12004,New Delhi - Lucknow Shatabdi Express,Shatabdi,1,2026-08-28,CNB,Kanpur Central,1,False,False,2026-08-28T11:20:00,2026-08-28T11:20:00,0.0,2026-08-28T11:25:00,2026-08-28T11:25:00,0.0,5.0,5.0,0.0,SEC_NDLS_CNB,0.27,Clear,0.0,4.8,440.0,72.0,Historical Operational Log (NTES Aligned)
J_12004_20260828,12004,New Delhi - Lucknow Shatabdi Express,Shatabdi,1,2026-08-28,LKO,Lucknow Charbagh,2,False,True,2026-08-28T12:40:00,2026-08-28T12:40:00,0.0,2026-08-28T12:40:00,2026-08-28T12:40:00,0.0,0.0,0.0,0.0,SEC_CNB_LKO,0.21,Clear,0.0,2.5,512.0,0.0,Historical Operational Log (NTES Aligned)
J_12301_20260829,12301,Howrah - New Delhi Rajdhani Express,Rajdhani,1,2026-08-29,HWH,Howrah Junction,0,True,False,2026-08-29T16:50:00,2026-08-29T16:50:00,0.0,2026-08-29T16:50:00,2026-08-29T16:50:00,0.0,0.0,0.0,0.0,ORIGIN,0.3,Clear,0.0,5.0,0.0,1451.0,Historical Operational Log (NTES Aligned)
J_12301_20260829,12301,Howrah - New Delhi Rajdhani Express,Rajdhani,1,2026-08-29,DHN,Dhanbad Junction,1,False,False,2026-08-29T19:55:00,2026-08-29T19:55:00,0.0,2026-08-29T20:00:00,2026-08-29T20:00:00,0.0,5.0,5.0,0.0,SEC_HWH_DHN,0.32,Clear,0.0,2.5,259.0,1192.0,Historical Operational Log (NTES Aligned)
J_12301_20260829,12301,Howrah - New Delhi Rajdhani Express,Rajdhani,1,2026-08-29,GAYA,Gaya Junction,2,False,False,2026-08-29T22:34:00,2026-08-29T22:34:00,0.0,2026-08-29T22:37:00,2026-08-29T22:37:00,0.0,3.0,3.0,0.0,SEC_DHN_GAYA,0.44,Clear,0.0,4.0,459.0,992.0,Historical Operational Log (NTES Aligned)
J_12301_20260829,12301,Howrah - New Delhi Rajdhani Express,Rajdhani,1,2026-08-29,DDU,Pt. Deen Dayal Upadhyaya Jn,3,False,False,2026-08-30T00:45:00,2026-08-30T00:48:30,3.5,2026-08-30T00:55:00,2026-08-30T00:58:30,3.5,10.0,10.0,0.0,SEC_GAYA_DDU,0.76,Clear,2.6,1.2,664.0,787.0,Historical Operational Log (NTES Aligned)
J_12301_20260829,12301,Howrah - New Delhi Rajdhani Express,Rajdhani,1,2026-08-29,PRYJ,Prayagraj Junction,4,False,False,2026-08-30T02:43:00,2026-08-30T02:43:00,0.0,2026-08-30T02:45:00,2026-08-30T02:45:00,0.0,2.0,2.0,0.0,SEC_DDU_PRYJ,0.64,Clear,3.0,0.0,817.0,634.0,Historical Operational Log (NTES Aligned)
J_12301_20260829,12301,Howrah - New Delhi Rajdhani Express,Rajdhani,1,2026-08-29,CNB,Kanpur Central,5,False,False,2026-08-30T04:50:00,2026-08-30T04:50:00,0.0,2026-08-30T04:55:00,2026-08-30T04:55:00,0.0,5.0,5.0,0.0,SEC_PRYJ_CNB,0.27,Clear,0.0,4.5,1011.0,440.0,Historical Operational Log (NTES Aligned)
J_12301_20260829,12301,Howrah - New Delhi Rajdhani Express,Rajdhani,1,2026-08-29,NDLS,New Delhi,6,False,True,2026-08-30T10:05:00,2026-08-30T10:05:00,0.0,2026-08-30T10:05:00,2026-08-30T10:05:00,0.0,0.0,0.0,0.0,SEC_CNB_NDLS,0.15,Clear,0.0,0.0,1451.0,0.0,Historical Operational Log (NTES Aligned)
J_12302_20260829,12302,New Delhi - Howrah Rajdhani Express,Rajdhani,1,2026-08-29,NDLS,New Delhi,0,True,False,2026-08-29T16:55:00,2026-08-29T16:55:00,0.0,2026-08-29T16:55:00,2026-08-29T16:55:00,0.0,0.0,0.0,0.0,ORIGIN,0.3,Clear,0.0,1.1,0.0,1451.0,Historical Operational Log (NTES Aligned)
J_12302_20260829,12302,New Delhi - Howrah Rajdhani Express,Rajdhani,1,2026-08-29,CNB,Kanpur Central,1,False,False,2026-08-29T21:32:00,2026-08-29T21:32:00,0.0,2026-08-29T21:37:00,2026-08-29T21:37:00,0.0,5.0,5.0,0.0,SEC_NDLS_CNB,0.15,Clear,0.0,2.3,440.0,1011.0,Historical Operational Log (NTES Aligned)
J_12302_20260829,12302,New Delhi - Howrah Rajdhani Express,Rajdhani,1,2026-08-29,PRYJ,Prayagraj Junction,2,False,False,2026-08-29T23:43:00,2026-08-29T23:43:00,0.0,2026-08-29T23:45:00,2026-08-29T23:45:00,0.0,2.0,2.0,0.0,SEC_CNB_PRYJ,0.31,Clear,0.0,1.9,634.0,817.0,Historical Operational Log (NTES Aligned)
J_12302_20260829,12302,New Delhi - Howrah Rajdhani Express,Rajdhani,1,2026-08-29,DDU,Pt. Deen Dayal Upadhyaya Jn,3,False,False,2026-08-30T01:42:00,2026-08-30T01:42:06,0.1,2026-08-30T01:52:00,2026-08-30T01:52:06,0.1,10.0,10.0,0.0,SEC_PRYJ_DDU,0.74,Clear,0.9,0.8,787.0,664.0,Historical Operational Log (NTES Aligned)
J_12302_20260829,12302,New Delhi - Howrah Rajdhani Express,Rajdhani,1,2026-08-29,GAYA,Gaya Junction,4,False,False,2026-08-30T03:55:00,2026-08-30T03:55:00,0.0,2026-08-30T03:58:00,2026-08-30T03:58:00,0.0,3.0,3.0,0.0,SEC_DDU_GAYA,0.2,Clear,0.0,3.3,992.0,459.0,Historical Operational Log (NTES Aligned)
J_12302_20260829,12302,New Delhi - Howrah Rajdhani Express,Rajdhani,1,2026-08-29,DHN,Dhanbad Junction,5,False,False,2026-08-30T06:33:00,2026-08-30T06:33:00,0.0,2026-08-30T06:38:00,2026-08-30T06:38:00,0.0,5.0,5.0,0.0,SEC_GAYA_DHN,0.1,Clear,0.0,2.8,1192.0,259.0,Historical Operational Log (NTES Aligned)
J_12302_20260829,12302,New Delhi - Howrah Rajdhani Express,Rajdhani,1,2026-08-29,HWH,Howrah Junction,6,False,True,2026-08-30T09:55:00,2026-08-30T09:55:00,0.0,2026-08-30T09:55:00,2026-08-30T09:55:00,0.0,0.0,0.0,0.0,SEC_DHN_HWH,0.17,Clear,0.0,0.0,1451.0,0.0,Historical Operational Log (NTES Aligned)
J_12951_20260829,12951,Mumbai Central - New Delhi Rajdhani Express,Rajdhani,1,2026-08-29,MMCT,Mumbai Central,0,True,False,2026-08-29T17:00:00,2026-08-29T17:00:00,0.0,2026-08-29T17:00:00,2026-08-29T17:00:00,0.0,0.0,0.0,0.0,ORIGIN,0.3,Heavy Rain,0.0,2.4,0.0,1386.0,Historical Operational Log (NTES Aligned)
J_12951_20260829,12951,Mumbai Central - New Delhi Rajdhani Express,Rajdhani,1,2026-08-29,BRC,Vadodara Junction,1,False,False,2026-08-29T21:03:00,2026-08-29T21:03:00,0.0,2026-08-29T21:13:00,2026-08-29T21:13:00,0.0,10.0,10.0,0.0,SEC_MMCT_BRC,0.23,Heavy Rain,0.0,2.6,393.0,993.0,Historical Operational Log (NTES Aligned)
J_12951_20260829,12951,Mumbai Central - New Delhi Rajdhani Express,Rajdhani,1,2026-08-29,RTM,Ratlam Junction,2,False,False,2026-08-30T00:25:00,2026-08-30T00:25:00,0.0,2026-08-30T00:28:00,2026-08-30T00:28:00,0.0,3.0,3.0,0.0,SEC_BRC_RTM,0.21,Heavy Rain,0.0,2.3,653.0,733.0,Historical Operational Log (NTES Aligned)
J_12951_20260829,12951,Mumbai Central - New Delhi Rajdhani Express,Rajdhani,1,2026-08-29,KOTA,Kota Junction,3,False,False,2026-08-30T03:15:00,2026-08-30T03:17:18,2.3,2026-08-30T03:25:00,2026-08-30T03:27:18,2.3,10.0,10.0,0.0,SEC_RTM_KOTA,0.61,Heavy Rain,2.1,0.6,920.0,466.0,Historical Operational Log (NTES Aligned)
J_12951_20260829,12951,Mumbai Central - New Delhi Rajdhani Express,Rajdhani,1,2026-08-29,MTJ,Mathura Junction,4,False,False,2026-08-30T06:43:00,2026-08-30T06:44:54,1.9,2026-08-30T06:45:00,2026-08-30T06:46:54,1.9,2.0,2.0,0.0,SEC_KOTA_MTJ,0.34,Heavy Rain,0.0,2.9,1244.0,142.0,Historical Operational Log (NTES Aligned)
J_12951_20260829,12951,Mumbai Central - New Delhi Rajdhani Express,Rajdhani,1,2026-08-29,NDLS,New Delhi,5,False,True,2026-08-30T08:32:00,2026-08-30T08:32:00,0.0,2026-08-30T08:32:00,2026-08-30T08:32:00,0.0,0.0,0.0,0.0,SEC_MTJ_NDLS,0.19,Heavy Rain,0.0,1.5,1386.0,0.0,Historical Operational Log (NTES Aligned)
J_22436_20260829,22436,New Delhi - Varanasi Vande Bharat Express,Vande Bharat,1,2026-08-29,NDLS,New Delhi,0,True,False,2026-08-29T06:00:00,2026-08-29T06:00:00,0.0,2026-08-29T06:00:00,2026-08-29T06:00:00,0.0,0.0,0.0,0.0,ORIGIN,0.3,Dense Fog,0.0,0.0,0.0,759.0,Historical Operational Log (NTES Aligned)
J_22436_20260829,22436,New Delhi - Varanasi Vande Bharat Express,Vande Bharat,1,2026-08-29,CNB,Kanpur Central,1,False,False,2026-08-29T10:08:00,2026-08-29T10:09:36,1.6,2026-08-29T10:10:00,2026-08-29T10:11:36,1.6,2.0,2.0,0.0,SEC_NDLS_CNB,0.37,Dense Fog,0.0,0.0,440.0,319.0,Historical Operational Log (NTES Aligned)
J_22436_20260829,22436,New Delhi - Varanasi Vande Bharat Express,Vande Bharat,1,2026-08-29,PRYJ,Prayagraj Junction,2,False,False,2026-08-29T12:08:00,2026-08-29T12:14:54,6.9,2026-08-29T12:10:00,2026-08-29T12:16:54,6.9,2.0,2.0,0.0,SEC_CNB_PRYJ,0.78,Dense Fog,1.7,3.7,634.0,125.0,Historical Operational Log (NTES Aligned)
J_22436_20260829,22436,New Delhi - Varanasi Vande Bharat Express,Vande Bharat,1,2026-08-29,BSB,Varanasi Junction,3,False,True,2026-08-29T14:00:00,2026-08-29T14:03:48,3.8,2026-08-29T14:00:00,2026-08-29T14:03:48,3.8,0.0,0.0,0.0,SEC_PRYJ_BSB,0.31,Dense Fog,0.0,1.8,759.0,0.0,Historical Operational Log (NTES Aligned)
J_12004_20260829,12004,New Delhi - Lucknow Shatabdi Express,Shatabdi,1,2026-08-29,NDLS,New Delhi,0,True,False,2026-08-29T06:10:00,2026-08-29T06:10:00,0.0,2026-08-29T06:10:00,2026-08-29T06:10:00,0.0,0.0,0.0,0.0,ORIGIN,0.3,Light Rain,0.0,2.3,0.0,512.0,Historical Operational Log (NTES Aligned)
J_12004_20260829,12004,New Delhi - Lucknow Shatabdi Express,Shatabdi,1,2026-08-29,CNB,Kanpur Central,1,False,False,2026-08-29T11:20:00,2026-08-29T11:20:00,0.0,2026-08-29T11:25:00,2026-08-29T11:25:00,0.0,5.0,5.0,0.0,SEC_NDLS_CNB,0.51,Light Rain,0.0,0.8,440.0,72.0,Historical Operational Log (NTES Aligned)
J_12004_20260829,12004,New Delhi - Lucknow Shatabdi Express,Shatabdi,1,2026-08-29,LKO,Lucknow Charbagh,2,False,True,2026-08-29T12:40:00,2026-08-29T12:40:00,0.0,2026-08-29T12:40:00,2026-08-29T12:40:00,0.0,0.0,0.0,0.0,SEC_CNB_LKO,0.45,Light Rain,0.0,4.0,512.0,0.0,Historical Operational Log (NTES Aligned)
J_12301_20260830,12301,Howrah - New Delhi Rajdhani Express,Rajdhani,1,2026-08-30,HWH,Howrah Junction,0,True,False,2026-08-30T16:50:00,2026-08-30T16:50:00,0.0,2026-08-30T16:50:00,2026-08-30T16:50:00,0.0,0.0,0.0,0.0,ORIGIN,0.3,Light Rain,0.0,0.4,0.0,1451.0,Historical Operational Log (NTES Aligned)
J_12301_20260830,12301,Howrah - New Delhi Rajdhani Express,Rajdhani,1,2026-08-30,DHN,Dhanbad Junction,1,False,False,2026-08-30T19:55:00,2026-08-30T19:57:42,2.7,2026-08-30T20:00:00,2026-08-30T20:02:42,2.7,5.0,5.0,0.0,SEC_HWH_DHN,0.83,Light Rain,0.0,1.3,259.0,1192.0,Historical Operational Log (NTES Aligned)
J_12301_20260830,12301,Howrah - New Delhi Rajdhani Express,Rajdhani,1,2026-08-30,GAYA,Gaya Junction,2,False,False,2026-08-30T22:34:00,2026-08-30T22:34:00,0.0,2026-08-30T22:37:00,2026-08-30T22:37:00,0.0,3.0,3.0,0.0,SEC_DHN_GAYA,0.14,Light Rain,0.0,2.5,459.0,992.0,Historical Operational Log (NTES Aligned)
J_12301_20260830,12301,Howrah - New Delhi Rajdhani Express,Rajdhani,1,2026-08-30,DDU,Pt. Deen Dayal Upadhyaya Jn,3,False,False,2026-08-31T00:45:00,2026-08-31T00:45:00,0.0,2026-08-31T00:55:00,2026-08-31T00:55:00,0.0,10.0,10.0,0.0,SEC_GAYA_DDU,0.1,Light Rain,0.0,1.6,664.0,787.0,Historical Operational Log (NTES Aligned)
J_12301_20260830,12301,Howrah - New Delhi Rajdhani Express,Rajdhani,1,2026-08-30,PRYJ,Prayagraj Junction,4,False,False,2026-08-31T02:43:00,2026-08-31T02:43:00,0.0,2026-08-31T02:45:00,2026-08-31T02:45:00,0.0,2.0,2.0,0.0,SEC_DDU_PRYJ,0.35,Light Rain,0.0,1.9,817.0,634.0,Historical Operational Log (NTES Aligned)
J_12301_20260830,12301,Howrah - New Delhi Rajdhani Express,Rajdhani,1,2026-08-30,CNB,Kanpur Central,5,False,False,2026-08-31T04:50:00,2026-08-31T04:50:00,0.0,2026-08-31T04:55:00,2026-08-31T04:55:00,0.0,5.0,5.0,0.0,SEC_PRYJ_CNB,0.35,Light Rain,0.0,2.6,1011.0,440.0,Historical Operational Log (NTES Aligned)
J_12301_20260830,12301,Howrah - New Delhi Rajdhani Express,Rajdhani,1,2026-08-30,NDLS,New Delhi,6,False,True,2026-08-31T10:05:00,2026-08-31T10:05:00,0.0,2026-08-31T10:05:00,2026-08-31T10:05:00,0.0,0.0,0.0,0.0,SEC_CNB_NDLS,0.44,Light Rain,0.0,1.9,1451.0,0.0,Historical Operational Log (NTES Aligned)
J_12302_20260830,12302,New Delhi - Howrah Rajdhani Express,Rajdhani,1,2026-08-30,NDLS,New Delhi,0,True,False,2026-08-30T16:55:00,2026-08-30T17:09:54,14.9,2026-08-30T16:55:00,2026-08-30T17:09:54,14.9,0.0,0.0,0.0,ORIGIN,0.3,Clear,0.0,1.7,0.0,1451.0,Historical Operational Log (NTES Aligned)
J_12302_20260830,12302,New Delhi - Howrah Rajdhani Express,Rajdhani,1,2026-08-30,CNB,Kanpur Central,1,False,False,2026-08-30T21:32:00,2026-08-30T21:35:18,3.3,2026-08-30T21:37:00,2026-08-30T21:40:18,3.3,5.0,5.0,0.0,SEC_NDLS_CNB,0.2,Clear,0.0,2.2,440.0,1011.0,Historical Operational Log (NTES Aligned)
J_12302_20260830,12302,New Delhi - Howrah Rajdhani Express,Rajdhani,1,2026-08-30,PRYJ,Prayagraj Junction,2,False,False,2026-08-30T23:43:00,2026-08-30T23:43:00,0.0,2026-08-30T23:45:00,2026-08-30T23:45:00,0.0,2.0,2.0,0.0,SEC_CNB_PRYJ,0.45,Clear,0.0,0.9,634.0,817.0,Historical Operational Log (NTES Aligned)
J_12302_20260830,12302,New Delhi - Howrah Rajdhani Express,Rajdhani,1,2026-08-30,DDU,Pt. Deen Dayal Upadhyaya Jn,3,False,False,2026-08-31T01:42:00,2026-08-31T01:42:00,0.0,2026-08-31T01:52:00,2026-08-31T01:52:00,0.0,10.0,10.0,0.0,SEC_PRYJ_DDU,0.14,Clear,0.0,1.7,787.0,664.0,Historical Operational Log (NTES Aligned)
J_12302_20260830,12302,New Delhi - Howrah Rajdhani Express,Rajdhani,1,2026-08-30,GAYA,Gaya Junction,4,False,False,2026-08-31T03:55:00,2026-08-31T03:55:00,0.0,2026-08-31T03:58:00,2026-08-31T03:58:00,0.0,3.0,3.0,0.0,SEC_DDU_GAYA,0.1,Clear,0.0,3.5,992.0,459.0,Historical Operational Log (NTES Aligned)
J_12302_20260830,12302,New Delhi - Howrah Rajdhani Express,Rajdhani,1,2026-08-30,DHN,Dhanbad Junction,5,False,False,2026-08-31T06:33:00,2026-08-31T06:33:00,0.0,2026-08-31T06:38:00,2026-08-31T06:38:00,0.0,5.0,5.0,0.0,SEC_GAYA_DHN,0.37,Clear,0.0,3.4,1192.0,259.0,Historical Operational Log (NTES Aligned)
J_12302_20260830,12302,New Delhi - Howrah Rajdhani Express,Rajdhani,1,2026-08-30,HWH,Howrah Junction,6,False,True,2026-08-31T09:55:00,2026-08-31T09:55:00,0.0,2026-08-31T09:55:00,2026-08-31T09:55:00,0.0,0.0,0.0,0.0,SEC_DHN_HWH,0.1,Clear,0.0,3.1,1451.0,0.0,Historical Operational Log (NTES Aligned)
J_12951_20260830,12951,Mumbai Central - New Delhi Rajdhani Express,Rajdhani,1,2026-08-30,MMCT,Mumbai Central,0,True,False,2026-08-30T17:00:00,2026-08-30T17:00:00,0.0,2026-08-30T17:00:00,2026-08-30T17:00:00,0.0,0.0,0.0,0.0,ORIGIN,0.3,Clear,0.0,2.9,0.0,1386.0,Historical Operational Log (NTES Aligned)
J_12951_20260830,12951,Mumbai Central - New Delhi Rajdhani Express,Rajdhani,1,2026-08-30,BRC,Vadodara Junction,1,False,False,2026-08-30T21:03:00,2026-08-30T21:03:00,0.0,2026-08-30T21:13:00,2026-08-30T21:13:00,0.0,10.0,10.0,0.0,SEC_MMCT_BRC,0.1,Clear,0.0,2.2,393.0,993.0,Historical Operational Log (NTES Aligned)
J_12951_20260830,12951,Mumbai Central - New Delhi Rajdhani Express,Rajdhani,1,2026-08-30,RTM,Ratlam Junction,2,False,False,2026-08-31T00:25:00,2026-08-31T00:25:00,0.0,2026-08-31T00:28:00,2026-08-31T00:28:00,0.0,3.0,3.0,0.0,SEC_BRC_RTM,0.36,Clear,0.0,1.6,653.0,733.0,Historical Operational Log (NTES Aligned)
J_12951_20260830,12951,Mumbai Central - New Delhi Rajdhani Express,Rajdhani,1,2026-08-30,KOTA,Kota Junction,3,False,False,2026-08-31T03:15:00,2026-08-31T03:15:00,0.0,2026-08-31T03:25:00,2026-08-31T03:25:00,0.0,10.0,10.0,0.0,SEC_RTM_KOTA,0.21,Clear,0.0,2.0,920.0,466.0,Historical Operational Log (NTES Aligned)
J_12951_20260830,12951,Mumbai Central - New Delhi Rajdhani Express,Rajdhani,1,2026-08-30,MTJ,Mathura Junction,4,False,False,2026-08-31T06:43:00,2026-08-31T06:45:54,2.9,2026-08-31T06:45:00,2026-08-31T06:47:54,2.9,2.0,2.0,0.0,SEC_KOTA_MTJ,0.39,Clear,0.0,5.4,1244.0,142.0,Historical Operational Log (NTES Aligned)
J_12951_20260830,12951,Mumbai Central - New Delhi Rajdhani Express,Rajdhani,1,2026-08-30,NDLS,New Delhi,5,False,True,2026-08-31T08:32:00,2026-08-31T08:35:18,3.3,2026-08-31T08:32:00,2026-08-31T08:35:18,3.3,0.0,0.0,0.0,SEC_MTJ_NDLS,0.12,Clear,0.0,1.9,1386.0,0.0,Historical Operational Log (NTES Aligned)
J_22436_20260830,22436,New Delhi - Varanasi Vande Bharat Express,Vande Bharat,1,2026-08-30,NDLS,New Delhi,0,True,False,2026-08-30T06:00:00,2026-08-30T06:00:00,0.0,2026-08-30T06:00:00,2026-08-30T06:00:00,0.0,0.0,0.0,0.0,ORIGIN,0.3,Clear,0.0,2.2,0.0,759.0,Historical Operational Log (NTES Aligned)
J_22436_20260830,22436,New Delhi - Varanasi Vande Bharat Express,Vande Bharat,1,2026-08-30,CNB,Kanpur Central,1,False,False,2026-08-30T10:08:00,2026-08-30T10:08:00,0.0,2026-08-30T10:10:00,2026-08-30T10:10:00,0.0,2.0,2.0,0.0,SEC_NDLS_CNB,0.1,Clear,0.0,0.2,440.0,319.0,Historical Operational Log (NTES Aligned)
J_22436_20260830,22436,New Delhi - Varanasi Vande Bharat Express,Vande Bharat,1,2026-08-30,PRYJ,Prayagraj Junction,2,False,False,2026-08-30T12:08:00,2026-08-30T12:08:00,0.0,2026-08-30T12:10:00,2026-08-30T12:10:00,0.0,2.0,2.0,0.0,SEC_CNB_PRYJ,0.52,Clear,0.0,3.3,634.0,125.0,Historical Operational Log (NTES Aligned)
J_22436_20260830,22436,New Delhi - Varanasi Vande Bharat Express,Vande Bharat,1,2026-08-30,BSB,Varanasi Junction,3,False,True,2026-08-30T14:00:00,2026-08-30T14:00:00,0.0,2026-08-30T14:00:00,2026-08-30T14:00:00,0.0,0.0,0.0,0.0,SEC_PRYJ_BSB,0.14,Clear,0.0,5.3,759.0,0.0,Historical Operational Log (NTES Aligned)
J_12004_20260830,12004,New Delhi - Lucknow Shatabdi Express,Shatabdi,1,2026-08-30,NDLS,New Delhi,0,True,False,2026-08-30T06:10:00,2026-08-30T06:15:42,5.7,2026-08-30T06:10:00,2026-08-30T06:15:42,5.7,0.0,0.0,0.0,ORIGIN,0.3,Heavy Rain,0.0,2.7,0.0,512.0,Historical Operational Log (NTES Aligned)
J_12004_20260830,12004,New Delhi - Lucknow Shatabdi Express,Shatabdi,1,2026-08-30,CNB,Kanpur Central,1,False,False,2026-08-30T11:20:00,2026-08-30T11:23:06,3.1,2026-08-30T11:25:00,2026-08-30T11:28:06,3.1,5.0,5.0,0.0,SEC_NDLS_CNB,0.59,Heavy Rain,0.0,4.1,440.0,72.0,Historical Operational Log (NTES Aligned)
J_12004_20260830,12004,New Delhi - Lucknow Shatabdi Express,Shatabdi,1,2026-08-30,LKO,Lucknow Charbagh,2,False,True,2026-08-30T12:40:00,2026-08-30T12:43:30,3.5,2026-08-30T12:40:00,2026-08-30T12:43:30,3.5,0.0,0.0,0.0,SEC_CNB_LKO,0.48,Heavy Rain,0.0,1.6,512.0,0.0,Historical Operational Log (NTES Aligned)
